<?xml version="1.0" encoding="UTF-8"?>
<con:soapui-project activeEnvironment="Default" name="IT-SenhaAtendimento" soapui-version="5.0.0" abortOnError="false" runType="SEQUENTIAL" resourceRoot="${projectDir}" xmlns:con="http://eviware.com/soapui/config"><con:settings/><con:interface xsi:type="con:WsdlInterface" wsaVersion="NONE" name="SenhaAtendimentoSOAP" type="wsdl" bindingName="{http://www.seplag.se.gov.br/SenhaAtendimento}SenhaAtendimentoSOAP" soapVersion="1_2" anonymous="optional" definition="http://localhost:7001/V1/SenhaAtendimento?WSDL" xmlns:xsi="http://www.w3.org/2001/XMLSchema-instance"><con:settings/><con:definitionCache type="TEXT" rootPart="http://localhost:7001/V1/SenhaAtendimento?WSDL"><con:part><con:url>http://localhost:7001/V1/SenhaAtendimento?WSDL</con:url><con:content><![CDATA[<WL5G3N0:definitions name="SenhaAtendimento" targetNamespace="http://www.seplag.se.gov.br/SenhaAtendimento" xmlns:WL5G3N0="http://schemas.xmlsoap.org/wsdl/" xmlns:WL5G3N1="http://www.seplag.se.gov.br/SenhaAtendimento" xmlns:WL5G3N2="http://www.seplag.se.gov.br/commons/v1" xmlns:WL5G3N3="http://schemas.xmlsoap.org/wsdl/soap12/">
  <WL5G3N0:types>
    <xsd:schema targetNamespace="http://www.seplag.se.gov.br/SenhaAtendimento" xmlns:cab="http://www.seplag.se.gov.br/commons/v1" xmlns:erro="http://www.seplag.se.gov.br/commons/v1" xmlns:soap="http://schemas.xmlsoap.org/wsdl/soap12/" xmlns:tns="http://www.seplag.se.gov.br/SenhaAtendimento" xmlns:wsdl="http://schemas.xmlsoap.org/wsdl/" xmlns:wsp="http://schemas.xmlsoap.org/ws/2004/09/policy" xmlns:wsu="http://docs.oasis-open.org/wss/2004/01/oasis-200401-wss-wssecurity-utility-1.0.xsd" xmlns:xsd="http://www.w3.org/2001/XMLSchema">
      <xsd:include schemaLocation="http://localhost:7001/V1/SenhaAtendimento?SCHEMA%2FNegocio%2FSenhaAtendimento%2FV1%2Fschema%2FSenhaAtendimento"/>
    </xsd:schema>
    <xsd:schema xmlns:cab="http://www.seplag.se.gov.br/commons/v1" xmlns:erro="http://www.seplag.se.gov.br/commons/v1" xmlns:soap="http://schemas.xmlsoap.org/wsdl/soap12/" xmlns:tns="http://www.seplag.se.gov.br/SenhaAtendimento" xmlns:wsdl="http://schemas.xmlsoap.org/wsdl/" xmlns:wsp="http://schemas.xmlsoap.org/ws/2004/09/policy" xmlns:wsu="http://docs.oasis-open.org/wss/2004/01/oasis-200401-wss-wssecurity-utility-1.0.xsd" xmlns:xsd="http://www.w3.org/2001/XMLSchema">
      <xsd:import namespace="http://www.seplag.se.gov.br/commons/v1" schemaLocation="http://localhost:7001/V1/SenhaAtendimento?SCHEMA%2FModeloCanonico%2Fseplag%2Fcommons%2Fv1%2FErroInfo"/>
      <xsd:import namespace="http://www.seplag.se.gov.br/commons/v1" schemaLocation="http://localhost:7001/V1/SenhaAtendimento?SCHEMA%2FModeloCanonico%2Fseplag%2Fcommons%2Fv1%2FCabecalhoSeplag"/>
    </xsd:schema>
  </WL5G3N0:types>
  <WL5G3N0:message name="ParametroEmitirSenhaAtendimentoMessage">
    <WL5G3N0:part element="WL5G3N1:ParametroEmitirSenhaAtendimento" name="parameters"/>
  </WL5G3N0:message>
  <WL5G3N0:message name="ResultadoListarServicosAtendimentoMessage">
    <WL5G3N0:part element="WL5G3N1:ResultadoEmitirSenhaAtendimento" name="parameters"/>
  </WL5G3N0:message>
  <WL5G3N0:message name="ErroInfoMessage">
    <WL5G3N0:part element="WL5G3N2:erroInfo" name="parameters"/>
  </WL5G3N0:message>
  <WL5G3N0:message name="CabecalhoSeplagMessage">
    <WL5G3N0:part element="WL5G3N2:cabecalhoSeplag" name="cabecalho"/>
  </WL5G3N0:message>
  <WL5G3N0:portType name="SenhaAtendimento">
    <WL5G3N0:operation name="EmitirSenhaAtendimento">
      <WL5G3N0:input message="WL5G3N1:ParametroEmitirSenhaAtendimentoMessage"/>
      <WL5G3N0:output message="WL5G3N1:ResultadoListarServicosAtendimentoMessage"/>
      <WL5G3N0:fault message="WL5G3N1:ErroInfoMessage" name="erroInfo"/>
    </WL5G3N0:operation>
  </WL5G3N0:portType>
  <WL5G3N0:binding name="SenhaAtendimentoSOAP" type="WL5G3N1:SenhaAtendimento">
    <WL5G3N3:binding style="document" transport="http://schemas.xmlsoap.org/soap/http"/>
    <WL5G3N0:operation name="EmitirSenhaAtendimento">
      <WL5G3N3:operation soapAction="http://www.seplag.se.gov.br/SenhaAtendimento/EmitirSenhaAtendimento"/>
      <WL5G3N0:input>
        <WL5G3N3:body use="literal"/>
        <WL5G3N3:header message="WL5G3N1:CabecalhoSeplagMessage" part="cabecalho" use="literal"/>
      </WL5G3N0:input>
      <WL5G3N0:output>
        <WL5G3N3:body use="literal"/>
      </WL5G3N0:output>
    </WL5G3N0:operation>
  </WL5G3N0:binding>
  <WL5G3N0:service name="SenhaAtendimento">
    <WL5G3N0:port binding="WL5G3N1:SenhaAtendimentoSOAP" name="SenhaAtendimentoSOAP">
      <WL5G3N3:address location="http://localhost:7001/V1/SenhaAtendimento"/>
    </WL5G3N0:port>
  </WL5G3N0:service>
</WL5G3N0:definitions>]]></con:content><con:type>http://schemas.xmlsoap.org/wsdl/</con:type></con:part><con:part><con:url>http://localhost:7001/V1/SenhaAtendimento?SCHEMA%2FModeloCanonico%2Fseplag%2Fcommons%2Fv1%2FErroInfo</con:url><con:content><![CDATA[<xs:schema elementFormDefault="qualified" targetNamespace="http://www.seplag.se.gov.br/commons/v1" xmlns:gr="http://www.seplag.se.gov.br/commons/v1" xmlns:xs="http://www.w3.org/2001/XMLSchema">
  <xs:complexType name="ErroInfo">
    <xs:annotation>
      <xs:documentation>Elemento padrao de definição das mensagens de erro.</xs:documentation>
    </xs:annotation>
    <xs:sequence>
      <xs:element minOccurs="0" name="codigo">
        <xs:annotation>
          <xs:documentation>Codigo que identifica o erro.</xs:documentation>
        </xs:annotation>
        <xs:simpleType>
          <xs:restriction base="xs:string">
            <xs:maxLength value="20"/>
          </xs:restriction>
        </xs:simpleType>
      </xs:element>
      <xs:element minOccurs="0" name="descricao">
        <xs:annotation>
          <xs:documentation>Descricao do erro ocorrido retornado.</xs:documentation>
        </xs:annotation>
        <xs:simpleType>
          <xs:restriction base="xs:string">
            <xs:maxLength value="4000"/>
          </xs:restriction>
        </xs:simpleType>
      </xs:element>
      <xs:element minOccurs="0" name="dataTransacao">
        <xs:simpleType>
          <xs:restriction base="xs:dateTime"/>
        </xs:simpleType>
      </xs:element>
      <xs:element minOccurs="0" name="dadosAdicionais" type="xs:anyType">
        <xs:annotation>
          <xs:documentation>Dados adicionais que podem ser necessarios para
						identificar um erro.</xs:documentation>
        </xs:annotation>
      </xs:element>
    </xs:sequence>
  </xs:complexType>
  <xs:element name="erroInfo" type="gr:ErroInfo"/>
  <xs:complexType name="ErrosInfo">
    <xs:sequence>
      <xs:element name="erroInfo" type="gr:ErroInfo" maxOccurs="unbounded" minOccurs="0"></xs:element>
    </xs:sequence>
  </xs:complexType>
</xs:schema>]]></con:content><con:type>http://www.w3.org/2001/XMLSchema</con:type></con:part><con:part><con:url>http://localhost:7001/V1/SenhaAtendimento?SCHEMA%2FModeloCanonico%2Fseplag%2Fcommons%2Fv1%2FCabecalhoSeplag</con:url><con:content><![CDATA[<xs:schema targetNamespace="http://www.seplag.se.gov.br/commons/v1" elementFormDefault="qualified" xmlns:xs="http://www.w3.org/2001/XMLSchema" xmlns:gr="http://www.seplag.se.gov.br/commons/v1">
  <xs:complexType name="CabecalhoSeplag" final="restriction">
    <xs:sequence>
      <xs:element name="loginUsuario" minOccurs="1">
        <xs:simpleType>
          <xs:restriction base="xs:string">
            <xs:minLength value="1"/>
          </xs:restriction>
        </xs:simpleType>
      </xs:element>
      <xs:element name="canalAtendimento" minOccurs="1">
        <xs:annotation>
          <xs:documentation>Descricao do canal de atendimento: portal, Ceac,etc.</xs:documentation>
        </xs:annotation>
        <xs:simpleType>
          <xs:restriction base="xs:string">
            <xs:minLength value="1"/>
            <xs:maxLength value="32"/>
          </xs:restriction>
        </xs:simpleType>
      </xs:element>
      <xs:element name="codigoSessao" nillable="true" minOccurs="0">
        <xs:annotation>
          <xs:documentation>Codigo da sessao, codigo unico que identifica
						uma sessao.</xs:documentation>
        </xs:annotation>
        <xs:simpleType>
          <xs:restriction base="xs:string">
            <xs:minLength value="1"/>
            <xs:maxLength value="256"/>
          </xs:restriction>
        </xs:simpleType>
      </xs:element>
      <xs:element name="nomeAplicacao" minOccurs="0">
        <xs:simpleType>
          <xs:restriction base="xs:string">
            <xs:maxLength value="50"/>
            <xs:enumeration value="Seides"/>
            <xs:enumeration value="Detran"/>
            <xs:enumeration value="Nat"/>
            <xs:enumeration value="Sedurb"/>
            <xs:enumeration value="Ssp"/>
            <xs:enumeration value="Integracao"/>
            <xs:enumeration value="Seguranca"/>
            <xs:enumeration value="Infra"/>
            <xs:enumeration value="Ses"/>
            <xs:enumeration value="Seplag"/>
            <xs:enumeration value="Banese"/>
            <xs:enumeration value="ReceitaFederal"/>
            <xs:enumeration value="Ceac"/>
            <xs:enumeration value="IpeSaude"/>
            <xs:enumeration value="Ctransp"/>
            <xs:enumeration value="Case"/>
            <xs:enumeration value="Portal"/>
            <xs:enumeration value="Mobile"/>
          </xs:restriction>
        </xs:simpleType>
      </xs:element>
      <xs:element name="token" minOccurs="0">
        <xs:simpleType>
          <xs:restriction base="xs:string">
            <xs:maxLength value="255"/>
            <xs:minLength value="1"/>
          </xs:restriction>
        </xs:simpleType>
      </xs:element>
      <xs:element name="enderecoIP" minOccurs="0">
        <xs:simpleType>
          <xs:restriction base="xs:string">
            <xs:pattern value="([01]?\d\d?|2[0-4]\d|25[0-5])\.([01]?\d\d?|2[0-4]\d|25[0-5])\.([01]?\d\d?|2[0-4]\d|25[0-5])\.([01]?\d\d?|2[0-4]\d|25[0-5])"/>
          </xs:restriction>
        </xs:simpleType>
      </xs:element>
      <xs:element name="codigoFuncionalidade" nillable="true" minOccurs="0">
        <xs:annotation>
          <xs:documentation>Codigo que identifica uma funcionalidade do
						sistema. Exemplos de funcionalidade para o
						sistema: Ativacao e desativacao de
						servicos, emitir carteira de identidade, emitir CNH, etc.</xs:documentation>
        </xs:annotation>
        <xs:simpleType>
          <xs:restriction base="xs:string">
            <xs:minLength value="1"/>
            <xs:maxLength value="10"/>
          </xs:restriction>
        </xs:simpleType>
      </xs:element>
      <xs:element name="dataTransacao" minOccurs="0">
        <xs:simpleType>
          <xs:restriction base="xs:dateTime"/>
        </xs:simpleType>
      </xs:element>
      <xs:element name="nomeServico" minOccurs="0">
        <xs:annotation>
          <xs:documentation>Nome do servico que foi invocado, exemplo:
						consultaClienteCidadao, consultaFuncionario, etc.</xs:documentation>
        </xs:annotation>
        <xs:simpleType>
          <xs:restriction base="xs:string">
            <xs:minLength value="1"/>
          </xs:restriction>
        </xs:simpleType>
      </xs:element>
      <xs:element name="versao" minOccurs="0">
        <xs:annotation>
          <xs:documentation>Define a versao do servico que esta sendo
						invocado. O formato da versao deve sempre ser
						99.99</xs:documentation>
        </xs:annotation>
        <xs:simpleType>
          <xs:restriction base="xs:string">
            <xs:pattern value="\d?\d.\d\d?"/>
          </xs:restriction>
        </xs:simpleType>
      </xs:element>
    </xs:sequence>
  </xs:complexType>
  <xs:element name="cabecalhoSeplag" type="gr:CabecalhoSeplag"/>
</xs:schema>]]></con:content><con:type>http://www.w3.org/2001/XMLSchema</con:type></con:part><con:part><con:url>http://localhost:7001/V1/SenhaAtendimento?SCHEMA%2FNegocio%2FSenhaAtendimento%2FV1%2Fschema%2FSenhaAtendimento</con:url><con:content><![CDATA[<schema targetNamespace="http://www.seplag.se.gov.br/SenhaAtendimento" elementFormDefault="qualified" xmlns="http://www.w3.org/2001/XMLSchema" xmlns:tns="http://www.seplag.se.gov.br/SenhaAtendimento" xmlns:ebo="http://www.seplag.se.gov.br/EBO/v1" xmlns:com="http://www.seplag.se.gov.br/commons/v1">
  <import schemaLocation="http://localhost:7001/V1/SenhaAtendimento?SCHEMA%2FModeloCanonico%2Fseplag%2FEBO%2Fv1%2FSenhaAtendimento" namespace="http://www.seplag.se.gov.br/EBO/v1"/>
  <import schemaLocation="http://localhost:7001/V1/SenhaAtendimento?SCHEMA%2FModeloCanonico%2Fseplag%2FEBO%2Fv1%2FCidadao" namespace="http://www.seplag.se.gov.br/EBO/v1"/>
  <import schemaLocation="http://localhost:7001/V1/SenhaAtendimento?SCHEMA%2FModeloCanonico%2Fseplag%2FEBO%2Fv1%2FUnidadeAtendimento" namespace="http://www.seplag.se.gov.br/EBO/v1"/>
  <import schemaLocation="http://localhost:7001/V1/SenhaAtendimento?SCHEMA%2FModeloCanonico%2Fseplag%2FEBO%2Fv1%2FServicoAtendimento" namespace="http://www.seplag.se.gov.br/EBO/v1"/>
  <element name="ParametroEmitirSenhaAtendimento">
    <complexType>
      <sequence>
        <element name="cdProtocoloServico" minOccurs="1" nillable="false">
          <simpleType>
            <restriction base="string">
              <minLength value="22"/>
              <maxLength value="22"/>
            </restriction>
          </simpleType>
        </element>
        <element name="atendimentoPreferencial" type="boolean" minOccurs="1" nillable="false" default="false"/>
        <element name="mensagemObservacao" type="string" minOccurs="0" nillable="false"/>
      </sequence>
    </complexType>
  </element>
  <element name="ResultadoEmitirSenhaAtendimento">
    <complexType>
      <sequence>
        <element name="senha" type="ebo:SenhaAtendimento"/>
      </sequence>
    </complexType>
  </element>
</schema>]]></con:content><con:type>http://www.w3.org/2001/XMLSchema</con:type></con:part><con:part><con:url>http://localhost:7001/V1/SenhaAtendimento?SCHEMA%2FModeloCanonico%2Fseplag%2FEBO%2Fv1%2FSenhaAtendimento</con:url><con:content><![CDATA[<xsd:schema targetNamespace="http://www.seplag.se.gov.br/EBO/v1" elementFormDefault="qualified" xmlns:xsd="http://www.w3.org/2001/XMLSchema" xmlns:seplag="http://www.seplag.se.gov.br/EBO/v1">
  <xsd:include schemaLocation="http://localhost:7001/V1/SenhaAtendimento?SCHEMA%2FModeloCanonico%2Fseplag%2FEBO%2Fv1%2FPostoAtendimento"/>
  <xsd:complexType name="SenhaAtendimento">
    <xsd:sequence>
      <xsd:element name="numeroSequencial" minOccurs="0" nillable="true" maxOccurs="1" type="xsd:integer"/>
      <xsd:element name="senha" minOccurs="0" nillable="true" maxOccurs="1" type="xsd:string"/>
      <xsd:element name="letras" minOccurs="0" nillable="true" maxOccurs="1" type="xsd:string"/>
      <xsd:element name="faixa" minOccurs="0" nillable="true" maxOccurs="1" type="xsd:integer"/>
      <xsd:element name="posto" minOccurs="0" nillable="true" maxOccurs="1" type="seplag:PostoAtendimento"/>
      <xsd:element name="dataHoraEmissao" minOccurs="0" nillable="true" type="xsd:dateTime"/>
    </xsd:sequence>
  </xsd:complexType>
  <xsd:element name="senhaAtendimento" nillable="true" type="seplag:SenhaAtendimento"/>
  <xsd:complexType name="ListaSenhaAtendimento">
    <xsd:sequence>
      <xsd:element name="SenhaAtendimento" type="seplag:SenhaAtendimento" minOccurs="0" maxOccurs="unbounded"/>
    </xsd:sequence>
  </xsd:complexType>
  <xsd:element name="listaSenhaAtendimento" nillable="true" type="seplag:ListaSenhaAtendimento"/>
</xsd:schema>]]></con:content><con:type>http://www.w3.org/2001/XMLSchema</con:type></con:part><con:part><con:url>http://localhost:7001/V1/SenhaAtendimento?SCHEMA%2FModeloCanonico%2Fseplag%2FEBO%2Fv1%2FPostoAtendimento</con:url><con:content><![CDATA[<xsd:schema targetNamespace="http://www.seplag.se.gov.br/EBO/v1" elementFormDefault="qualified" xmlns:xsd="http://www.w3.org/2001/XMLSchema" xmlns:seplag="http://www.seplag.se.gov.br/EBO/v1">
  <xsd:include schemaLocation="http://localhost:7001/V1/SenhaAtendimento?SCHEMA%2FModeloCanonico%2Fseplag%2FEBO%2Fv1%2FUnidadeAtendimento"/>
  <xsd:complexType name="PostoAtendimento">
    <xsd:sequence>
      <xsd:element minOccurs="0" maxOccurs="1" name="nome">
        <xsd:simpleType>
          <xsd:restriction base="xsd:string">
            <xsd:maxLength value="100"/>
          </xsd:restriction>
        </xsd:simpleType>
      </xsd:element>
      <xsd:element minOccurs="0" maxOccurs="1" name="unidade" type="seplag:UnidadeAtendimento"/>
      <xsd:element minOccurs="0" maxOccurs="1" name="sigla">
        <xsd:simpleType>
          <xsd:restriction base="xsd:string">
            <xsd:maxLength value="10"/>
          </xsd:restriction>
        </xsd:simpleType>
      </xsd:element>
      <xsd:element minOccurs="0" maxOccurs="1" name="descricao">
        <xsd:simpleType>
          <xsd:restriction base="xsd:string">
            <xsd:maxLength value="200"/>
          </xsd:restriction>
        </xsd:simpleType>
      </xsd:element>
      <xsd:element minOccurs="0" maxOccurs="1" name="nomeSala">
        <xsd:simpleType>
          <xsd:restriction base="xsd:string">
            <xsd:maxLength value="100"/>
          </xsd:restriction>
        </xsd:simpleType>
      </xsd:element>
      <xsd:element minOccurs="0" maxOccurs="1" name="flagAgendamento" type="xsd:integer"/>
      <xsd:element minOccurs="0" maxOccurs="1" name="diasLimiteAgendamento" type="xsd:integer"/>
    </xsd:sequence>
  </xsd:complexType>
  <xsd:complexType name="ListaPostoAtendimento">
    <xsd:sequence>
      <xsd:element name="PostoAtendimento" type="seplag:PostoAtendimento" minOccurs="0" maxOccurs="unbounded"/>
    </xsd:sequence>
  </xsd:complexType>
  <xsd:element name="listaPostoAtendimento" nillable="true" type="seplag:ListaPostoAtendimento"/>
</xsd:schema>]]></con:content><con:type>http://www.w3.org/2001/XMLSchema</con:type></con:part><con:part><con:url>http://localhost:7001/V1/SenhaAtendimento?SCHEMA%2FModeloCanonico%2Fseplag%2FEBO%2Fv1%2FUnidadeAtendimento</con:url><con:content><![CDATA[<xsd:schema targetNamespace="http://www.seplag.se.gov.br/EBO/v1" elementFormDefault="qualified" xmlns:xsd="http://www.w3.org/2001/XMLSchema" xmlns:seplag="http://www.seplag.se.gov.br/EBO/v1">
  <xsd:complexType name="UnidadeAtendimento">
    <xsd:sequence>
      <xsd:element minOccurs="0" maxOccurs="1" name="nome">
        <xsd:simpleType>
          <xsd:restriction base="xsd:string">
            <xsd:maxLength value="100"/>
          </xsd:restriction>
        </xsd:simpleType>
      </xsd:element>
    </xsd:sequence>
  </xsd:complexType>
  <xsd:complexType name="ListaUnidadeAtendimento">
    <xsd:sequence>
      <xsd:element name="unidadeAtendimento" type="seplag:UnidadeAtendimento" minOccurs="0" maxOccurs="unbounded"/>
    </xsd:sequence>
  </xsd:complexType>
  <xsd:element name="listaUnidadeAtendimento" nillable="true" type="seplag:ListaUnidadeAtendimento"/>
</xsd:schema>]]></con:content><con:type>http://www.w3.org/2001/XMLSchema</con:type></con:part><con:part><con:url>http://localhost:7001/V1/SenhaAtendimento?SCHEMA%2FModeloCanonico%2Fseplag%2FEBO%2Fv1%2FCidadao</con:url><con:content><![CDATA[<xsd:schema targetNamespace="http://www.seplag.se.gov.br/EBO/v1" elementFormDefault="qualified" xmlns:xsd="http://www.w3.org/2001/XMLSchema" xmlns:seplag="http://www.seplag.se.gov.br/EBO/v1">
  <xsd:include schemaLocation="http://localhost:7001/V1/SenhaAtendimento?SCHEMA%2FModeloCanonico%2Fseplag%2FEBO%2Fv1%2FCpf"/>
  <xsd:include schemaLocation="http://localhost:7001/V1/SenhaAtendimento?SCHEMA%2FModeloCanonico%2Fseplag%2FEBO%2Fv1%2FCarteiraIdentidade"/>
  <xsd:include schemaLocation="http://localhost:7001/V1/SenhaAtendimento?SCHEMA%2FModeloCanonico%2Fseplag%2FEBO%2Fv1%2FEndereco"/>
  <xsd:include schemaLocation="http://localhost:7001/V1/SenhaAtendimento?SCHEMA%2FModeloCanonico%2Fseplag%2FEBO%2Fv1%2FProfissao"/>
  <xsd:include schemaLocation="http://localhost:7001/V1/SenhaAtendimento?SCHEMA%2FModeloCanonico%2Fseplag%2FEBO%2Fv1%2FTelefone"/>
  <xsd:include schemaLocation="http://localhost:7001/V1/SenhaAtendimento?SCHEMA%2FModeloCanonico%2Fseplag%2FEBO%2Fv1%2FEscolaridade"/>
  <xsd:include schemaLocation="http://localhost:7001/V1/SenhaAtendimento?SCHEMA%2FModeloCanonico%2Fseplag%2FEBO%2Fv1%2FSexo"/>
  <xsd:complexType name="Cidadao">
    <xsd:sequence>
      <xsd:element name="documentoCPF" minOccurs="0" nillable="true" maxOccurs="1" type="seplag:DocumentoCPF"/>
      <xsd:element name="nomeCompleto" minOccurs="0" nillable="true" maxOccurs="1">
        <xsd:simpleType>
          <xsd:restriction base="xsd:string">
            <xsd:maxLength value="200"/>
          </xsd:restriction>
        </xsd:simpleType>
      </xsd:element>
      <xsd:element name="carteiraIdentidade" minOccurs="0" nillable="true" maxOccurs="1" type="seplag:CarteiraIdentidade"/>
      <xsd:element name="endereco" minOccurs="0" nillable="true" maxOccurs="1" type="seplag:Endereco"/>
      <xsd:element name="dataNascimento" minOccurs="0" nillable="true" type="xsd:date"/>
      <xsd:element name="profissao" minOccurs="0" nillable="true" type="seplag:Profissao"/>
      <xsd:element name="listaTelefone" minOccurs="0" nillable="true" type="seplag:ListaTelefone"/>
      <xsd:element name="sexo" minOccurs="0" nillable="true" type="seplag:Sexo"/>
      <xsd:element name="escolaridade" minOccurs="0" nillable="true" type="seplag:Escolaridade"/>
    </xsd:sequence>
  </xsd:complexType>
  <xsd:complexType name="ListaCidadao">
    <xsd:sequence>
      <xsd:element name="cidadao" type="seplag:Cidadao" minOccurs="0" maxOccurs="unbounded"/>
    </xsd:sequence>
  </xsd:complexType>
  <xsd:element name="listaCidadao" nillable="true" type="seplag:ListaCidadao"/>
</xsd:schema>]]></con:content><con:type>http://www.w3.org/2001/XMLSchema</con:type></con:part><con:part><con:url>http://localhost:7001/V1/SenhaAtendimento?SCHEMA%2FModeloCanonico%2Fseplag%2FEBO%2Fv1%2FCpf</con:url><con:content><![CDATA[<xsd:schema targetNamespace="http://www.seplag.se.gov.br/EBO/v1" elementFormDefault="qualified" xmlns:xsd="http://www.w3.org/2001/XMLSchema" xmlns:seplag="http://www.seplag.se.gov.br/EBO/v1">
  <xsd:element name="listaCpf" nillable="true" type="seplag:ListaCpf"/>
  <xsd:complexType name="ListaCpf">
    <xsd:sequence>
      <xsd:element name="documentoCPF" type="seplag:DocumentoCPF" minOccurs="0" maxOccurs="unbounded"/>
    </xsd:sequence>
  </xsd:complexType>
  <xsd:simpleType name="DocumentoCPF">
    <xsd:restriction base="xsd:string">
      <xsd:length value="11"/>
      <xsd:pattern value="([0-9])*"/>
    </xsd:restriction>
  </xsd:simpleType>
</xsd:schema>]]></con:content><con:type>http://www.w3.org/2001/XMLSchema</con:type></con:part><con:part><con:url>http://localhost:7001/V1/SenhaAtendimento?SCHEMA%2FModeloCanonico%2Fseplag%2FEBO%2Fv1%2FCarteiraIdentidade</con:url><con:content><![CDATA[<xsd:schema targetNamespace="http://www.seplag.se.gov.br/EBO/v1" elementFormDefault="qualified" xmlns:xsd="http://www.w3.org/2001/XMLSchema" xmlns:seplag="http://www.seplag.se.gov.br/EBO/v1">
  <xsd:include schemaLocation="http://localhost:7001/V1/SenhaAtendimento?SCHEMA%2FModeloCanonico%2Fseplag%2FEBO%2Fv1%2FUnidadeFederativa"/>
  <xsd:element name="listaCarteiraIdentidade" nillable="true" type="seplag:ListaCarteiraIdentidade"/>
  <xsd:complexType name="ListaCarteiraIdentidade">
    <xsd:sequence>
      <xsd:element name="carteiraIdentidade" type="seplag:CarteiraIdentidade" minOccurs="0" maxOccurs="unbounded"/>
    </xsd:sequence>
  </xsd:complexType>
  <xsd:complexType name="CarteiraIdentidade">
    <xsd:sequence>
      <xsd:element name="numeroIdentidade" minOccurs="0" nillable="true" maxOccurs="1">
        <xsd:simpleType>
          <xsd:restriction base="xsd:string">
            <xsd:maxLength value="80"/>
          </xsd:restriction>
        </xsd:simpleType>
      </xsd:element>
      <xsd:element name="numeroIdentidadeComplemento" nillable="true" minOccurs="0" maxOccurs="1">
        <xsd:simpleType>
          <xsd:restriction base="xsd:string">
            <xsd:maxLength value="80"/>
          </xsd:restriction>
        </xsd:simpleType>
      </xsd:element>
      <xsd:element name="dataEmissao" type="xsd:date" nillable="true" minOccurs="0" maxOccurs="1"/>
      <xsd:element name="siglaUnidadeFederativa" nillable="true" type="seplag:UnidadeFederativa" minOccurs="0" maxOccurs="1"/>
      <xsd:element name="orgaoEmissor" nillable="true" minOccurs="0" maxOccurs="1">
        <xsd:simpleType>
          <xsd:restriction base="xsd:string">
            <xsd:maxLength value="80"/>
          </xsd:restriction>
        </xsd:simpleType>
      </xsd:element>
    </xsd:sequence>
  </xsd:complexType>
</xsd:schema>]]></con:content><con:type>http://www.w3.org/2001/XMLSchema</con:type></con:part><con:part><con:url>http://localhost:7001/V1/SenhaAtendimento?SCHEMA%2FModeloCanonico%2Fseplag%2FEBO%2Fv1%2FUnidadeFederativa</con:url><con:content><![CDATA[<xsd:schema targetNamespace="http://www.seplag.se.gov.br/EBO/v1" elementFormDefault="qualified" attributeFormDefault="qualified" version="1.0" xmlns="http://www.w3.org/2001/XMLSchema" xmlns:seplag="http://www.seplag.se.gov.br/EBO/v1" xmlns:xsd="http://www.w3.org/2001/XMLSchema">
  <xsd:element name="listaUnidadeFederativa" nillable="true" type="seplag:ListaUnidadeFederativa"/>
  <xsd:complexType name="ListaUnidadeFederativa">
    <xsd:sequence>
      <xsd:element name="unidadeFederativa" type="seplag:UnidadeFederativa" minOccurs="0" maxOccurs="unbounded"/>
    </xsd:sequence>
  </xsd:complexType>
  <xsd:simpleType name="UnidadeFederativa">
    <xsd:annotation>
      <xsd:documentation>Corresponde as possíveis siglas das unidades federativas do país

				Acre - AC
				Alagoas - AL
				Amapá - AP
				Amazonas - AM
				Bahia - BA
				Ceará - CE
				Distrito Federal  - DF
				Espírito Santo - ES
				Goiás - GO
				Maranhão - MA 
				Mato Grosso - MT 
				Mato Grosso do Sul - MS 
				Minas Gerais - MG 
				Pará - PA 
				Paraíba - PB 
				Paraná - PR 
				Pernambuco - PE 
				Piauí - PI 
				Rio de Janeiro  - RJ
				Rio Grande do Norte  - RN 
				Rio Grande do Sul - RS 
				Rondônia - RO 
				Roraima - RR 
				Santa Catarina - SC 
				São Paulo - SP 
				Sergipe - SE 
				Tocantins - TO

				Exemplo de Sigla de Unidade Federativa: SE</xsd:documentation>
    </xsd:annotation>
    <xsd:restriction base="xsd:string">
      <xsd:enumeration value="AC"/>
      <xsd:enumeration value="AL"/>
      <xsd:enumeration value="AP"/>
      <xsd:enumeration value="AM"/>
      <xsd:enumeration value="BA"/>
      <xsd:enumeration value="CE"/>
      <xsd:enumeration value="DF"/>
      <xsd:enumeration value="ES"/>
      <xsd:enumeration value="GO"/>
      <xsd:enumeration value="MA"/>
      <xsd:enumeration value="MT"/>
      <xsd:enumeration value="MS"/>
      <xsd:enumeration value="MG"/>
      <xsd:enumeration value="PA"/>
      <xsd:enumeration value="PB"/>
      <xsd:enumeration value="PR"/>
      <xsd:enumeration value="PE"/>
      <xsd:enumeration value="PI"/>
      <xsd:enumeration value="RJ"/>
      <xsd:enumeration value="RN"/>
      <xsd:enumeration value="RS"/>
      <xsd:enumeration value="RO"/>
      <xsd:enumeration value="RR"/>
      <xsd:enumeration value="SC"/>
      <xsd:enumeration value="SP"/>
      <xsd:enumeration value="SE"/>
      <xsd:enumeration value="TO"/>
    </xsd:restriction>
  </xsd:simpleType>
</xsd:schema>]]></con:content><con:type>http://www.w3.org/2001/XMLSchema</con:type></con:part><con:part><con:url>http://localhost:7001/V1/SenhaAtendimento?SCHEMA%2FModeloCanonico%2Fseplag%2FEBO%2Fv1%2FEndereco</con:url><con:content><![CDATA[<xsd:schema targetNamespace="http://www.seplag.se.gov.br/EBO/v1" elementFormDefault="qualified" xmlns:xsd="http://www.w3.org/2001/XMLSchema" xmlns:seplag="http://www.seplag.se.gov.br/EBO/v1">
  <xsd:include schemaLocation="http://localhost:7001/V1/SenhaAtendimento?SCHEMA%2FModeloCanonico%2Fseplag%2FEBO%2Fv1%2FCep"/>
  <xsd:include schemaLocation="http://localhost:7001/V1/SenhaAtendimento?SCHEMA%2FModeloCanonico%2Fseplag%2FEBO%2Fv1%2FUnidadeFederativa"/>
  <xsd:element name="listaEndereco" nillable="true" type="seplag:ListaEndereco"/>
  <xsd:complexType name="ListaEndereco">
    <xsd:sequence>
      <xsd:element name="endereco" type="seplag:Endereco" minOccurs="0" maxOccurs="unbounded"/>
    </xsd:sequence>
  </xsd:complexType>
  <xsd:complexType name="Endereco">
    <xsd:sequence>
      <xsd:element name="tipoLogradouro" minOccurs="0" nillable="true" maxOccurs="1">
        <xsd:simpleType>
          <xsd:restriction base="xsd:string">
            <xsd:maxLength value="50"/>
          </xsd:restriction>
        </xsd:simpleType>
      </xsd:element>
      <xsd:element name="nomeLogradouro" minOccurs="0" nillable="true" maxOccurs="1">
        <xsd:simpleType>
          <xsd:restriction base="xsd:string">
            <xsd:maxLength value="200"/>
          </xsd:restriction>
        </xsd:simpleType>
      </xsd:element>
      <xsd:element name="numeroLogradouro" minOccurs="0" nillable="true" maxOccurs="1">
        <xsd:simpleType>
          <xsd:restriction base="xsd:string">
            <xsd:maxLength value="30"/>
          </xsd:restriction>
        </xsd:simpleType>
      </xsd:element>
      <xsd:element name="complemento" minOccurs="0" maxOccurs="1" nillable="true">
        <xsd:simpleType>
          <xsd:restriction base="xsd:string">
            <xsd:maxLength value="50"/>
          </xsd:restriction>
        </xsd:simpleType>
      </xsd:element>
      <xsd:element name="bairro" minOccurs="0" maxOccurs="1" nillable="true">
        <xsd:simpleType>
          <xsd:restriction base="xsd:string">
            <xsd:maxLength value="50"/>
          </xsd:restriction>
        </xsd:simpleType>
      </xsd:element>
      <xsd:element name="cep" minOccurs="0" maxOccurs="1" nillable="true" type="seplag:Cep"/>
      <xsd:element name="municipio" minOccurs="0" maxOccurs="1" nillable="true">
        <xsd:simpleType>
          <xsd:restriction base="xsd:string">
            <xsd:maxLength value="50"/>
          </xsd:restriction>
        </xsd:simpleType>
      </xsd:element>
      <xsd:element name="unidadeFederativa" minOccurs="0" maxOccurs="1" nillable="true">
        <xsd:simpleType>
          <xsd:restriction base="xsd:string">
            <xsd:maxLength value="50"/>
          </xsd:restriction>
        </xsd:simpleType>
      </xsd:element>
      <xsd:element name="pais" minOccurs="0" maxOccurs="1" nillable="true">
        <xsd:simpleType>
          <xsd:restriction base="xsd:string">
            <xsd:maxLength value="50"/>
          </xsd:restriction>
        </xsd:simpleType>
      </xsd:element>
    </xsd:sequence>
  </xsd:complexType>
</xsd:schema>]]></con:content><con:type>http://www.w3.org/2001/XMLSchema</con:type></con:part><con:part><con:url>http://localhost:7001/V1/SenhaAtendimento?SCHEMA%2FModeloCanonico%2Fseplag%2FEBO%2Fv1%2FCep</con:url><con:content><![CDATA[<xsd:schema targetNamespace="http://www.seplag.se.gov.br/EBO/v1" elementFormDefault="qualified" xmlns:xsd="http://www.w3.org/2001/XMLSchema" xmlns:seplag="http://www.seplag.se.gov.br/EBO/v1">
  <xsd:simpleType name="Cep">
    <xsd:restriction base="xsd:string">
      <xsd:length value="8"/>
      <xsd:pattern value="([0-9])*"/>
    </xsd:restriction>
  </xsd:simpleType>
  <xsd:complexType name="ListaCep">
    <xsd:sequence>
      <xsd:element name="cep" type="seplag:Cep" minOccurs="0" maxOccurs="unbounded"/>
    </xsd:sequence>
  </xsd:complexType>
  <xsd:element name="listaCep" nillable="true" type="seplag:ListaCep"/>
</xsd:schema>]]></con:content><con:type>http://www.w3.org/2001/XMLSchema</con:type></con:part><con:part><con:url>http://localhost:7001/V1/SenhaAtendimento?SCHEMA%2FModeloCanonico%2Fseplag%2FEBO%2Fv1%2FProfissao</con:url><con:content><![CDATA[<schema targetNamespace="http://www.seplag.se.gov.br/EBO/v1" elementFormDefault="qualified" xmlns="http://www.w3.org/2001/XMLSchema" xmlns:seplag="http://www.seplag.se.gov.br/EBO/v1">
  <element name="profissao" nillable="true" type="seplag:Profissao"/>
  <element name="listaProfissao" nillable="true" type="seplag:ListaProfissao"/>
  <complexType name="ListaProfissao">
    <sequence>
      <element name="profissao" type="seplag:Profissao" minOccurs="0" maxOccurs="unbounded"/>
    </sequence>
  </complexType>
  <simpleType name="Profissao">
    <restriction base="string">
      <enumeration value="AÇOUGUEIRO"/>
      <enumeration value="ADIDO ESTRANGEIRO"/>
      <enumeration value="ADJUNTO ADMINISTRATIVO"/>
      <enumeration value="ADMINISTRADOR"/>
      <enumeration value="ADMINISTRADOR DE AEROPORTO"/>
      <enumeration value="ADMINISTRADOR DE BANCOS DE DADOS"/>
      <enumeration value="ADMINISTRADOR DE EMPRESA"/>
      <enumeration value="ADMINISTRADOR DE FAZENDA"/>
      <enumeration value="ADMINISTRADOR DE REDES"/>
      <enumeration value="ADMINISTRADOR RURAL"/>
      <enumeration value="ADUBADO"/>
      <enumeration value="ADVOGADO"/>
      <enumeration value="AEROMOÇA"/>
      <enumeration value="AERONAUTA"/>
      <enumeration value="AEROVIÁRIO"/>
      <enumeration value="AFIADOR DE FERRAMENTAS"/>
      <enumeration value="AFIADOR DE METAIS PRECIOSOS"/>
      <enumeration value="AGENCIADOR"/>
      <enumeration value="AGENTE ADMINISTRATIVO"/>
      <enumeration value="AGENTE AUTÔNOMO"/>
      <enumeration value="AGENTE COMERCIAL"/>
      <enumeration value="AGENTE DE CORREIO"/>
      <enumeration value="AGENTE DE ESTAÇÃO"/>
      <enumeration value="AGENTE DE FISCALIZAÇÃO DE IMPOSTO"/>
      <enumeration value="AGENTE DE INVESTIMENTO"/>
      <enumeration value="AGENTE DE POLICIA"/>
      <enumeration value="AGENTE DE SEGUROS"/>
      <enumeration value="AGENTE DE TELECOMUNICAÇÕES"/>
      <enumeration value="AGENTE DE TURISMO"/>
      <enumeration value="AGENTE DE VENDAS"/>
      <enumeration value="AGENTE DE VIAGEM E AFINS"/>
      <enumeration value="AGENTE E REPRESENTANTE COMERCIAL"/>
      <enumeration value="AGENTE EXPORTAÇÃO"/>
      <enumeration value="AGENTE FISCAL"/>
      <enumeration value="AGENTE PENITENCIÁRIO"/>
      <enumeration value="AGENTE TÉCNICO"/>
      <enumeration value="AGENTE TRIBUTÁRIO"/>
      <enumeration value="AGENTE TRIBUTÁRIO ESTADUAL"/>
      <enumeration value="AGRICULTOR"/>
      <enumeration value="AGRIMENSOR"/>
      <enumeration value="AGROINDUSTRIAL"/>
      <enumeration value="AGRÔNOMO E AFINS"/>
      <enumeration value="AGROPECUARISTA"/>
      <enumeration value="AJUDANTE"/>
      <enumeration value="AJUDANTE DE ARMADOR"/>
      <enumeration value="AJUDANTE DE BOMBEIRO"/>
      <enumeration value="AJUDANTE DE CAMINHÃO"/>
      <enumeration value="AJUDANTE DE CARPINTEIRO"/>
      <enumeration value="AJUDANTE DE DESPACHANTE"/>
      <enumeration value="AJUDANTE DE ELETRICISTA"/>
      <enumeration value="AJUDANTE DE ENCANADOR"/>
      <enumeration value="AJUDANTE DE FERREIRO"/>
      <enumeration value="AJUDANTE DE FUNILEIRO"/>
      <enumeration value="AJUDANTE DE GARÇOM"/>
      <enumeration value="AJUDANTE DE LANTERNEIRO"/>
      <enumeration value="AJUDANTE DE MAQUINISTA"/>
      <enumeration value="AJUDANTE DE MECÂNICO"/>
      <enumeration value="AJUDANTE DE PEDREIRO"/>
      <enumeration value="AJUDANTE DE SERRALHEIRO"/>
      <enumeration value="AJUDANTE DE VITRINISTA"/>
      <enumeration value="AJUDANTE GERAL"/>
      <enumeration value="AJUSTADO MECÂNICO"/>
      <enumeration value="ALFAIATE"/>
      <enumeration value="ALMOXARIFE"/>
      <enumeration value="AMBULANTE"/>
      <enumeration value="ANALISTA DE SEGUROS E DE SEGURANÇA NO TRABALHO"/>
      <enumeration value="ANALISTA DE SISTEMAS"/>
      <enumeration value="ANALISTA JUDICIÁRIO"/>
      <enumeration value="ANTROPÓLOGO"/>
      <enumeration value="APICULTOR"/>
      <enumeration value="APLICADOR DE SINTECO"/>
      <enumeration value="APONTADOR"/>
      <enumeration value="APOSENTADO"/>
      <enumeration value="APRESENTADOR"/>
      <enumeration value="ARMADOR"/>
      <enumeration value="ARMADOR DE CIMENTO"/>
      <enumeration value="ARMADOR DE PESCA"/>
      <enumeration value="ARMAZENADOR"/>
      <enumeration value="ARMEIRO"/>
      <enumeration value="ARQUEÓLOGO"/>
      <enumeration value="ARQUITETO"/>
      <enumeration value="ARQUIVISTA"/>
      <enumeration value="ARQUIVÓLOGO"/>
      <enumeration value="ARRANJADOR"/>
      <enumeration value="ARRENDATÁRIO"/>
      <enumeration value="ARRUMADEIRA"/>
      <enumeration value="ARRUMADOR"/>
      <enumeration value="ARTESÃO"/>
      <enumeration value="ARTISTA"/>
      <enumeration value="ARTISTA PINTOR"/>
      <enumeration value="ARTISTA PLÁSTICO"/>
      <enumeration value="ARTISTAS DE ARTES POPULARES E MODELOS"/>
      <enumeration value="ASCENSORISTA"/>
      <enumeration value="ASSESSOR"/>
      <enumeration value="ASSESSOR DE SEGURANÇA AÉREA"/>
      <enumeration value="ASSESSOR POSTAL TELEGRÁFICO"/>
      <enumeration value="ASSESSOR TÉCNICO"/>
      <enumeration value="ASSISTENTE"/>
      <enumeration value="ASSISTENTE ADMINISTRATIVO"/>
      <enumeration value="ASSISTENTE COMERCIAL"/>
      <enumeration value="ASSISTENTE DE ADMINISTRAÇÃO"/>
      <enumeration value="ASSISTENTE DE DIRETOR"/>
      <enumeration value="ASSISTENTE DE LABORATÓRIO"/>
      <enumeration value="ASSISTENTE SOCIAL"/>
      <enumeration value="ASSISTENTE TÉCNICO"/>
      <enumeration value="ASTRONAUTA"/>
      <enumeration value="ASTRÔNOMO"/>
      <enumeration value="ATACADISTA"/>
      <enumeration value="ATENDENTE"/>
      <enumeration value="ATENDENTE DE ENFERMAGEM"/>
      <enumeration value="ATENDENTE DE FARMÁCIA"/>
      <enumeration value="ATLETA, DESPORTISTA"/>
      <enumeration value="ATOR"/>
      <enumeration value="ATRIZ"/>
      <enumeration value="ATUÁRIO"/>
      <enumeration value="AUDITOR"/>
      <enumeration value="AUTÔNOMO"/>
      <enumeration value="AUXILIAR ACADÊMICO"/>
      <enumeration value="AUXILIAR ADMINISTRATIVO"/>
      <enumeration value="AUXILIAR AGRÍCOLA"/>
      <enumeration value="AUXILIAR DE ADMINISTRAÇÃO"/>
      <enumeration value="AUXILIAR DE ALMOXARIFADO"/>
      <enumeration value="AUXILIAR DE ÁREAS GRÁFICAS"/>
      <enumeration value="AUXILIAR DE CARTÓRIO"/>
      <enumeration value="AUXILIAR DE CIRURGIA"/>
      <enumeration value="AUXILIAR DE COMERCIO"/>
      <enumeration value="AUXILIAR DE CONTABILIDADE"/>
      <enumeration value="AUXILIAR DE COZINHA"/>
      <enumeration value="AUXILIAR DE EDUCAÇÃO"/>
      <enumeration value="AUXILIAR DE ELETRICISTA"/>
      <enumeration value="AUXILIAR DE ENFERMAGEM"/>
      <enumeration value="AUXILIAR DE ESCRITÓRIO"/>
      <enumeration value="AUXILIAR DE EXPEDIENTE"/>
      <enumeration value="AUXILIAR DE FARMÁCIA"/>
      <enumeration value="AUXILIAR DE INFORMÁTICA"/>
      <enumeration value="AUXILIAR DE LABORATÓRIO"/>
      <enumeration value="AUXILIAR DE MAGAREFE"/>
      <enumeration value="AUXILIAR DE MECÂNICO"/>
      <enumeration value="AUXILIAR DE METEOROLOGISTA"/>
      <enumeration value="AUXILIAR DE MONTAGEM"/>
      <enumeration value="AUXILIAR DE OBSERVADOR METER."/>
      <enumeration value="AUXILIAR DE PEDREIRO"/>
      <enumeration value="AUXILIAR DE PRODUÇÃO"/>
      <enumeration value="AUXILIAR DE PROFESSOR"/>
      <enumeration value="AUXILIAR DE PROPAGANDISTA"/>
      <enumeration value="AUXILIAR DE SERVI OS GERAIS"/>
      <enumeration value="AUXILIAR DE SOLDADOR"/>
      <enumeration value="AUXILIAR DE TESOUREIRO"/>
      <enumeration value="AUXILIAR DE TOPÓGRAFO"/>
      <enumeration value="AUXILIAR DE TRAFEGO"/>
      <enumeration value="AUXILIAR. DE TRAFEGO TELEGRÁFICO"/>
      <enumeration value="AUXILIAR DE VENDAS"/>
      <enumeration value="AUXILIAR LEGISLATIVO"/>
      <enumeration value="AUXILIAR TÉCNICO"/>
      <enumeration value="AVALIADOR"/>
      <enumeration value="AVALIADOR COMERCIAL"/>
      <enumeration value="AVICULTOR"/>
      <enumeration value="AZULEJADOR"/>
      <enumeration value="BABA"/>
      <enumeration value="BAILARINO"/>
      <enumeration value="BALCONISTA"/>
      <enumeration value="BANCÁRIO"/>
      <enumeration value="BANQUEIRO"/>
      <enumeration value="BAPTISTA"/>
      <enumeration value="BARBEIRO"/>
      <enumeration value="BARMAN"/>
      <enumeration value="BARQUEIRO"/>
      <enumeration value="BATERISTA"/>
      <enumeration value="BETONEIRA"/>
      <enumeration value="BIBLIOTECÁRIO"/>
      <enumeration value="BILHETEIRO"/>
      <enumeration value="BIÓLOGO"/>
      <enumeration value="BIOMÉDICO E AFINS"/>
      <enumeration value="BIOQUÍMICO"/>
      <enumeration value="BISCATEIRO"/>
      <enumeration value="BLOQUISTA"/>
      <enumeration value="BOBINADO"/>
      <enumeration value="BOIADEIRO"/>
      <enumeration value="BOLSISTA"/>
      <enumeration value="BOMBEIRO"/>
      <enumeration value="BOMBEIRO DE GASOLINA"/>
      <enumeration value="BOMBEIRO ELETRICISTA"/>
      <enumeration value="BOMBEIRO ENCANADOR"/>
      <enumeration value="BOMBEIRO HIDRÁULICO"/>
      <enumeration value="BOMBEIRO MILITAR"/>
      <enumeration value="BORDADOR"/>
      <enumeration value="BORRACHEIRO"/>
      <enumeration value="BOTÂNICO"/>
      <enumeration value="BRITADOR"/>
      <enumeration value="BROQUEIRO"/>
      <enumeration value="BUSINESS"/>
      <enumeration value="CABELEIREIRO"/>
      <enumeration value="CABELEREIRO, BARBEIRO"/>
      <enumeration value="CAÇADOR"/>
      <enumeration value="CAIXA"/>
      <enumeration value="CAIXEIRO"/>
      <enumeration value="CAIXEIRO-VIAJANTE"/>
      <enumeration value="CALAFATE"/>
      <enumeration value="CALCULISTA"/>
      <enumeration value="CALDEIREIRO"/>
      <enumeration value="CAMAREIRO"/>
      <enumeration value="CAMBISTA"/>
      <enumeration value="CAMELÔ"/>
      <enumeration value="CAMINHONEIRO"/>
      <enumeration value="CAMISEIRO"/>
      <enumeration value="CAMPEIRO"/>
      <enumeration value="CANOEIRO"/>
      <enumeration value="CANTOR"/>
      <enumeration value="CANTOR E COMPOSITOR"/>
      <enumeration value="CAPATAZ"/>
      <enumeration value="CAPITALISTA"/>
      <enumeration value="CAPOTEIRO"/>
      <enumeration value="CARCEREIRO"/>
      <enumeration value="CARPINTEIRO"/>
      <enumeration value="CARREGADOR"/>
      <enumeration value="CARREGADOR DE CAMINHÃO"/>
      <enumeration value="CARREGADOR DE MALAS POSTAIS"/>
      <enumeration value="CARRETEIRO"/>
      <enumeration value="CARROCEIRO"/>
      <enumeration value="CARTAZISTA"/>
      <enumeration value="CARTEIRO"/>
      <enumeration value="CARTORÁRIO"/>
      <enumeration value="CARVOEIRO"/>
      <enumeration value="CASEIRO"/>
      <enumeration value="CATADOR DE PAPEL"/>
      <enumeration value="CENARISTA"/>
      <enumeration value="CENÓGRAFO"/>
      <enumeration value="CERAMISTA"/>
      <enumeration value="CEREALISTA"/>
      <enumeration value="CERVEJEIRO"/>
      <enumeration value="CHACAREIRO"/>
      <enumeration value="CHAPEADOR"/>
      <enumeration value="CHAPELEIRO"/>
      <enumeration value="CHAPISTA"/>
      <enumeration value="CHARRETEIRO"/>
      <enumeration value="CHAVEIRO"/>
      <enumeration value="CHEFE DE ESTAÇÃO"/>
      <enumeration value="CHEFE DE TREM"/>
      <enumeration value="CICERONE"/>
      <enumeration value="CICLISTA"/>
      <enumeration value="CIENTISTA"/>
      <enumeration value="CINEASTA"/>
      <enumeration value="CINEGRAFISTA"/>
      <enumeration value="CINETECNICO"/>
      <enumeration value="CIRURGIÃO"/>
      <enumeration value="CISTERNEIRO"/>
      <enumeration value="CO PILOTO"/>
      <enumeration value="COB. FISCAL INSP."/>
      <enumeration value="COBRADOR"/>
      <enumeration value="COBRADOR EM TRANSP. COLETIVO"/>
      <enumeration value="COLETOR"/>
      <enumeration value="COLHEDOR"/>
      <enumeration value="COLOCADOR DE ANDAIMES"/>
      <enumeration value="COLONO"/>
      <enumeration value="COMANDANTE DE EMBARCAÇÕES E OFICIAIS DE MÁQUINAS"/>
      <enumeration value="COMANDANTE DE NAVIO"/>
      <enumeration value="COMANDANTE DE VÔO"/>
      <enumeration value="COMERCIANTE"/>
      <enumeration value="COMERCIÁRIO"/>
      <enumeration value="COMISSÁRIO"/>
      <enumeration value="COMISSÁRIO DE BORDO"/>
      <enumeration value="COMISSÁRIO DE BORDO NAVIO"/>
      <enumeration value="COMISSÁRIO DE POLICIA"/>
      <enumeration value="COMISSIONISTA"/>
      <enumeration value="COMPOSITOR"/>
      <enumeration value="COMPOSITOR MECÂNICO"/>
      <enumeration value="COMPOSITOR MUSICAL"/>
      <enumeration value="COMPOSITORA MUSICAL"/>
      <enumeration value="COMUNICAÇÃO"/>
      <enumeration value="CONDUTOR"/>
      <enumeration value="CONDUTOR DE GADO"/>
      <enumeration value="CONDUTOR DE MALAS"/>
      <enumeration value="CONDUTOR E OPERADOR DE ROBÔS"/>
      <enumeration value="CONDUTOR E OPERADOR DE VEÍCULOS E EQUIPAMENTOS DE MOVIMENTAÇÃO DE CARGA"/>
      <enumeration value="CONDUTOR MAQUINISTA"/>
      <enumeration value="CONFEITEIRO"/>
      <enumeration value="CONFERENTE DE CAIS DO PORTO"/>
      <enumeration value="CONSTRUTOR"/>
      <enumeration value="CÔNSUL"/>
      <enumeration value="CONSULTOR"/>
      <enumeration value="CONSULTOR FINANCEIRO"/>
      <enumeration value="CONSULTOR JURÍDICO"/>
      <enumeration value="CONTADOR"/>
      <enumeration value="CONTADOR FINANCEIRO"/>
      <enumeration value="CONTINUO"/>
      <enumeration value="CONTORCIONISTA"/>
      <enumeration value="CONTRA ALMIRANTE"/>
      <enumeration value="CONTROLADOR DE PRODUÇÃO"/>
      <enumeration value="COPEIRO"/>
      <enumeration value="COREÓGRAFO"/>
      <enumeration value="CORREEIRO"/>
      <enumeration value="CORRETOR"/>
      <enumeration value="CORRETOR DE CAFÉ"/>
      <enumeration value="CORRETOR DE IMÓVEIS"/>
      <enumeration value="COSEDOR"/>
      <enumeration value="COSTUREIRA"/>
      <enumeration value="COZINHEIRO"/>
      <enumeration value="CRIADOR DE GADO"/>
      <enumeration value="CRONISTA"/>
      <enumeration value="DANÇARINO"/>
      <enumeration value="DATILOGRAFO"/>
      <enumeration value="DECORADOR"/>
      <enumeration value="DECORADOR DE INTERIORES"/>
      <enumeration value="DEFENSOR PÚBLICO"/>
      <enumeration value="DELEGADO DE POLÍCIA"/>
      <enumeration value="DENTISTA"/>
      <enumeration value="DEPARTAMENTO DE PESSOAL"/>
      <enumeration value="DEPUTADO ESTADUAL"/>
      <enumeration value="DEPUTADO FEDERAL"/>
      <enumeration value="DESEMBARGADOR"/>
      <enumeration value="DESEMPREGADO"/>
      <enumeration value="DESENHISTA"/>
      <enumeration value="DESENHISTA INDUSTRIAL (DESIGNER)"/>
      <enumeration value="DESENHISTA TÉCNICO E MODELISTA"/>
      <enumeration value="DESENVOLVEDOR DE SOFTWARE"/>
      <enumeration value="DESIGNER"/>
      <enumeration value="DESPACHANTE"/>
      <enumeration value="DESPACHANTE ADUANEIRO"/>
      <enumeration value="DESPACHANTE DO DETRAN"/>
      <enumeration value="DESPORTISTA"/>
      <enumeration value="DETETIVE"/>
      <enumeration value="DIAGRAMADOR"/>
      <enumeration value="DIARISTA"/>
      <enumeration value="DIGITADOR"/>
      <enumeration value="DIPLOMATA E AFINS"/>
      <enumeration value="DIRETOR AGRÍCOLA"/>
      <enumeration value="DIRETOR COMERCIAL"/>
      <enumeration value="DIRETOR DE COLÉGIO"/>
      <enumeration value="DIRETOR DE CORREIOS"/>
      <enumeration value="DIRETOR DE ESPETÁCULOS"/>
      <enumeration value="DIRETOR DE ESTABELECIMENTO DE ENSINO OU DE OUTRAS ORGANIZAÇÕES"/>
      <enumeration value="DIRETOR DE FINANÇAS"/>
      <enumeration value="DIRETOR DE HOSPITAL"/>
      <enumeration value="DIRETOR DE HOTEL"/>
      <enumeration value="DIRETOR DE ORGANISMO NÃO-GOVERNAMENTAL"/>
      <enumeration value="DIRETOR DE TRANSPORTE"/>
      <enumeration value="DIRETOR PECUÁRIO"/>
      <enumeration value="DIRETORA DE COLÉGIO"/>
      <enumeration value="DIRETORA DE HOSPITAL"/>
      <enumeration value="DIRIGENTE DA ADMINISTRAÇÃO PÚBLICA"/>
      <enumeration value="DISTRIBUIDOR DE JORNAL"/>
      <enumeration value="DO LAR"/>
      <enumeration value="DOCEIRO"/>
      <enumeration value="DOCUMENTALISTA"/>
      <enumeration value="ECONOMIARIO"/>
      <enumeration value="ECONOMIÁRIO"/>
      <enumeration value="ECONOMISTA"/>
      <enumeration value="EDITOR"/>
      <enumeration value="EDUCADORA"/>
      <enumeration value="ELETRICISTA"/>
      <enumeration value="ELETRICITÁRIO"/>
      <enumeration value="ELETROMECÂNICO"/>
      <enumeration value="ELETROTECNICO"/>
      <enumeration value="EMBAIXADOR"/>
      <enumeration value="EMBALADOR"/>
      <enumeration value="EMBALSAMADOR"/>
      <enumeration value="EMPACOTADOR"/>
      <enumeration value="EMPAPELADOR"/>
      <enumeration value="EMPILHADOR"/>
      <enumeration value="EMPREITEIRO"/>
      <enumeration value="EMPREITEIRO DE OBRAS"/>
      <enumeration value="EMPRESA COMERCIAL"/>
      <enumeration value="EMPRESA INDUSTRIAL"/>
      <enumeration value="EMPRESA PRESTADORA DE SERVIÇOS"/>
      <enumeration value="EMPRESÁRIO"/>
      <enumeration value="EMPRESÁRIO E PRODUTOR DE ESPETÁCULOS"/>
      <enumeration value="ENCADERNADOR"/>
      <enumeration value="ENCAIXOTADOR"/>
      <enumeration value="ENCANADOR"/>
      <enumeration value="ENCARREGADO"/>
      <enumeration value="ENCARREGADO DE OBRAS"/>
      <enumeration value="ENCARREGADO DE SERVIÇOS GERAIS"/>
      <enumeration value="ENFERMEIRO"/>
      <enumeration value="ENFERMEIRO DE NÍVEL SUPERIOR"/>
      <enumeration value="ENGARRAFADOR"/>
      <enumeration value="ENGENHEIRO"/>
      <enumeration value="ENGENHEIRO AGRÔNOMO"/>
      <enumeration value="ENGENHEIRO CIVIL"/>
      <enumeration value="ENGENHEIRO ELETRICISTA"/>
      <enumeration value="ENGENHEIRO ELETROMECÂNICO"/>
      <enumeration value="ENGENHEIRO ELETRÔNICO"/>
      <enumeration value="ENGENHEIRO FLORESTAL"/>
      <enumeration value="ENGENHEIRO MECÂNICO"/>
      <enumeration value="ENTALHADOR"/>
      <enumeration value="ENTREGADOR"/>
      <enumeration value="ENVERNIZADOR"/>
      <enumeration value="ESCAFRANDISTA"/>
      <enumeration value="ESCREVENTE"/>
      <enumeration value="ESCRITOR"/>
      <enumeration value="ESCRITURÁRIO"/>
      <enumeration value="ESCRIVÃO"/>
      <enumeration value="ESCRIVE"/>
      <enumeration value="ESCULTOR"/>
      <enumeration value="ESPECIALISTA DE BELEZA"/>
      <enumeration value="ESPECIALISTA EM INFORMÁTICA"/>
      <enumeration value="ESPORTISTA"/>
      <enumeration value="ESTAFETA"/>
      <enumeration value="ESTAGIÁRIO E AFINS"/>
      <enumeration value="ESTAMPADOR"/>
      <enumeration value="ESTATÍSTICO"/>
      <enumeration value="ESTEREOTIPISTA"/>
      <enumeration value="ESTETICISTA"/>
      <enumeration value="ESTILISTA"/>
      <enumeration value="ESTIVADOR"/>
      <enumeration value="ESTOCADOR DE GESSO"/>
      <enumeration value="ESTOFADOR"/>
      <enumeration value="ESTUDANTE"/>
      <enumeration value="ETIQUETADOR"/>
      <enumeration value="EXECUTIVO"/>
      <enumeration value="EXPORTADOR"/>
      <enumeration value="EXTRATIVISTA FLORESTAL"/>
      <enumeration value="FAQUEIRO"/>
      <enumeration value="FARMACÊUTICO"/>
      <enumeration value="FAROLEIRO"/>
      <enumeration value="FATURISTA"/>
      <enumeration value="FAXINEIRO"/>
      <enumeration value="FAZENDEIRO"/>
      <enumeration value="FEIRANTE"/>
      <enumeration value="FERRAMENTEIRO"/>
      <enumeration value="FERREIRO"/>
      <enumeration value="FERROVIÁRIO"/>
      <enumeration value="FIADOR"/>
      <enumeration value="FIANDEIRA"/>
      <enumeration value="FINANCISTA"/>
      <enumeration value="FISCAL"/>
      <enumeration value="FISCAL AGRÍCOLA"/>
      <enumeration value="FISCAL DE AEROPORTO"/>
      <enumeration value="FISCAL DE OBRA"/>
      <enumeration value="FISCAL DE RENDAS"/>
      <enumeration value="FISCAL DE RENDAS PÚBLICAS"/>
      <enumeration value="FISCAL DE SANEAMENTO"/>
      <enumeration value="FISCAL DE TRANSPORTE COLETIVO"/>
      <enumeration value="FISCAL DE TRIBUTAÇÃO DE NÍVEL MÉDIO"/>
      <enumeration value="FISCAL FLORESTAL"/>
      <enumeration value="FÍSICO"/>
      <enumeration value="FISIOTERAPEUTA"/>
      <enumeration value="FLORICULTOR"/>
      <enumeration value="FOGUISTA"/>
      <enumeration value="FONOAUDIÓLOGO"/>
      <enumeration value="FORJADOR"/>
      <enumeration value="FOTOGRAFO"/>
      <enumeration value="FOTÓGRAFO"/>
      <enumeration value="FRENTISTA"/>
      <enumeration value="FRETEIRO"/>
      <enumeration value="FUNCIONÁRIO PÚBLICO ESTADUAL"/>
      <enumeration value="FUNCIONÁRIO PÚBLICO FEDERAL"/>
      <enumeration value="FUNCIONÁRIO PÚBLICO MUNICIPAL"/>
      <enumeration value="FUNDIDOR"/>
      <enumeration value="FUNILEIRO"/>
      <enumeration value="FUTEBOLISTA"/>
      <enumeration value="FUZILEIRO NAVAL"/>
      <enumeration value="GALVANIZADOR"/>
      <enumeration value="GARAGISTA"/>
      <enumeration value="GARÇOM"/>
      <enumeration value="GARÇONETE"/>
      <enumeration value="GARI"/>
      <enumeration value="GARIMPEIRO"/>
      <enumeration value="GAROTA DE PROGRAMA"/>
      <enumeration value="GENETICISTA"/>
      <enumeration value="GEOFÍSICO"/>
      <enumeration value="GEÓGRAFO"/>
      <enumeration value="GEOLOGISTA"/>
      <enumeration value="GEÓLOGO"/>
      <enumeration value="GERENTE"/>
      <enumeration value="GERENTE DE ÁREAS DE APOIO"/>
      <enumeration value="GERENTE DE EXPORTAÇÃO"/>
      <enumeration value="GERENTE DE FAZENDA"/>
      <enumeration value="GERENTE DE LOJA"/>
      <enumeration value="GERENTE DE OPERAÇÕES"/>
      <enumeration value="GERENTE DE POSTO"/>
      <enumeration value="GERENTE DE PRODUÇÃO"/>
      <enumeration value="GERENTE OU SUPERVISOR"/>
      <enumeration value="GESSEIRO"/>
      <enumeration value="GOVERNADOR"/>
      <enumeration value="GOVERNANTA"/>
      <enumeration value="GRÁFICO"/>
      <enumeration value="GRANITEIRO"/>
      <enumeration value="GRANJEIRO"/>
      <enumeration value="GRAVADOR"/>
      <enumeration value="GRAXEIRO"/>
      <enumeration value="GUARDA"/>
      <enumeration value="GUARDA BANCÁRIO"/>
      <enumeration value="GUARDA DE CARRO"/>
      <enumeration value="GUARDA NOTURNO"/>
      <enumeration value="GUARDA VIDAS"/>
      <enumeration value="GUIA DE TURISMO"/>
      <enumeration value="GUILHOTINADO"/>
      <enumeration value="GUINCHEIRO"/>
      <enumeration value="GUITARRISTA"/>
      <enumeration value="HISTORIADOR"/>
      <enumeration value="HISTORIADOR"/>
      <enumeration value="IMEDIATO DE NAVIO"/>
      <enumeration value="IMOBILIÁRIO"/>
      <enumeration value="IMPORTADOR"/>
      <enumeration value="IMPRESSOR"/>
      <enumeration value="INCORPORADOR"/>
      <enumeration value="INDUSTRIAL"/>
      <enumeration value="INDUSTRIÁRIO"/>
      <enumeration value="INSPETOR"/>
      <enumeration value="INSPETOR DE POLÍCIA"/>
      <enumeration value="INSTRUMENTISTA"/>
      <enumeration value="INSTRUTOR DE AUTO ESCOLA"/>
      <enumeration value="INSTRUTOR DE MECÂNICO"/>
      <enumeration value="INSTRUTOR DE MUSCULAÇÃO"/>
      <enumeration value="INSTRUTOR E PROFESSOR DE ESCOLAS LIVRES"/>
      <enumeration value="INSUFILMADOR DE VEICULO"/>
      <enumeration value="INTERPRETE"/>
      <enumeration value="JARDINEIRO"/>
      <enumeration value="JOALHEIRO"/>
      <enumeration value="JOGADOR DE FUTEBOL"/>
      <enumeration value="JÓQUEI"/>
      <enumeration value="JORNALEIRO"/>
      <enumeration value="JORNALISTA"/>
      <enumeration value="JUBILADO"/>
      <enumeration value="JUIZ"/>
      <enumeration value="JUIZ CRIMINAL"/>
      <enumeration value="JUIZ DE FUTEBOL"/>
      <enumeration value="JURISTA"/>
      <enumeration value="LADRILHEIRO"/>
      <enumeration value="LAMINADOR"/>
      <enumeration value="LANTERNEIRO"/>
      <enumeration value="LAPIDÁRIO"/>
      <enumeration value="LAVADEIRA"/>
      <enumeration value="LAVADOR DE CARROS"/>
      <enumeration value="LAVOURISTA"/>
      <enumeration value="LAVRADOR"/>
      <enumeration value="LEILOEIRO"/>
      <enumeration value="LEITEIRO"/>
      <enumeration value="LEITURISTA"/>
      <enumeration value="LENHADOR"/>
      <enumeration value="LIMPADOR DE PÁRA-BRISA"/>
      <enumeration value="LINOTIPISTA"/>
      <enumeration value="LITÓGRAFO"/>
      <enumeration value="LIVREIRO"/>
      <enumeration value="LIXADOR"/>
      <enumeration value="LOCADOR DE APARELHO DE SOM"/>
      <enumeration value="LOCUTOR"/>
      <enumeration value="LOCUTOR, COMENTARISTA"/>
      <enumeration value="LOCUTOR DE RODEIO"/>
      <enumeration value="LUSTRADOR"/>
      <enumeration value="LUTADOR"/>
      <enumeration value="MADEIREIRO"/>
      <enumeration value="MAESTRO"/>
      <enumeration value="MAGAREFE"/>
      <enumeration value="MAGISTRADO"/>
      <enumeration value="MANEQUIM"/>
      <enumeration value="MANICURE"/>
      <enumeration value="MANICURE, PEDICURE"/>
      <enumeration value="MANIPULADOR PRODUTO QUÍMICO"/>
      <enumeration value="MAQUETISTA"/>
      <enumeration value="MAQUILADOR"/>
      <enumeration value="MAQUINISTA"/>
      <enumeration value="MAQUINISTA DE BORDO"/>
      <enumeration value="MARCENEIRO"/>
      <enumeration value="MARINHEIRO"/>
      <enumeration value="MARÍTIMO"/>
      <enumeration value="MARMORISTA"/>
      <enumeration value="MASCATE"/>
      <enumeration value="MASSAGISTA"/>
      <enumeration value="MASSOTERAPEUTA"/>
      <enumeration value="MATEMÁTICO"/>
      <enumeration value="MECÂNICO"/>
      <enumeration value="MECÂNICO DE AERONAVE"/>
      <enumeration value="MECÂNICO DE ELETRÔNICA"/>
      <enumeration value="MECÂNICO OPERADOR"/>
      <enumeration value="MECANOGRAFO"/>
      <enumeration value="MEDICO"/>
      <enumeration value="MÉDICO, ODONTÓLOGO E AFINS"/>
      <enumeration value="MEIO OFICIAL TORNEIRO"/>
      <enumeration value="MEMBRO DE ORDENS OU SEITAS RELIGIOSAS"/>
      <enumeration value="MEMBRO DO MINISTÉRIO PÚBLICO"/>
      <enumeration value="MENSAGEIRO"/>
      <enumeration value="MERGULHADOR"/>
      <enumeration value="MESTRE DE OBRA"/>
      <enumeration value="MESTRE DE PANIFICAÇÃO"/>
      <enumeration value="MESTRE HOTEL"/>
      <enumeration value="METEOROLOGISTA"/>
      <enumeration value="MICROBIOLOGISTA"/>
      <enumeration value="MICROEMPRESÁRIO"/>
      <enumeration value="MILITAR"/>
      <enumeration value="MILITAR ATIVO"/>
      <enumeration value="MILITAR DA AERONÁUTICA"/>
      <enumeration value="MILITAR DA MARINHA"/>
      <enumeration value="MILITAR DA RESERVA"/>
      <enumeration value="MILITAR DO EXÉRCITO"/>
      <enumeration value="MILITAR ESTRANGEIRO"/>
      <enumeration value="MILITAR INATIVO"/>
      <enumeration value="MILITAR REFORMADO"/>
      <enumeration value="MINEIRO"/>
      <enumeration value="MINISTRO"/>
      <enumeration value="MINISTRO DE ESTADO E DA DIPLOMACIA"/>
      <enumeration value="MINISTRO DE TRIBUNAL"/>
      <enumeration value="MODELO"/>
      <enumeration value="MODISTA"/>
      <enumeration value="MOLDADOR"/>
      <enumeration value="MONTADOR"/>
      <enumeration value="MORDOMO"/>
      <enumeration value="MOTO BOY"/>
      <enumeration value="MOTORISTA"/>
      <enumeration value="MOTORNEIRO"/>
      <enumeration value="MOTOTAXISTA"/>
      <enumeration value="MUSEÓLOGO"/>
      <enumeration value="MÚSICO"/>
      <enumeration value="NATURALISTA"/>
      <enumeration value="NAVEGADOR"/>
      <enumeration value="NEGOCIANTE"/>
      <enumeration value="NUTRICIONISTA"/>
      <enumeration value="OCEANÓGRAFO"/>
      <enumeration value="OCUPAÇÃO NÃO CLASSIFICADA"/>
      <enumeration value="OCUPANTE DE CARGO DE ASSESSORAMENTO SUPERIOR"/>
      <enumeration value="OCUPANTE DE CARGO DE ASSISTÊNCIA INTERMEDIÁRIA"/>
      <enumeration value="OCUPANTE DE CARGO DE DIREÇÃO"/>
      <enumeration value="ODONTOLOGO"/>
      <enumeration value="OFFICE BOY"/>
      <enumeration value="OFICIAL"/>
      <enumeration value="OFICIAL DE CARTÓRIO"/>
      <enumeration value="OFICIAL DE JUSTIÇA"/>
      <enumeration value="OFICIAL LEGISLATIVO"/>
      <enumeration value="OFTALMOLOGISTA"/>
      <enumeration value="OLEIRO"/>
      <enumeration value="OPERADOR CINEMATOGRÁFICO"/>
      <enumeration value="OPERADOR DE ÁUDIO"/>
      <enumeration value="OPERADOR DE COMPUTADOR"/>
      <enumeration value="OPERADOR DE DRAGA"/>
      <enumeration value="OPERADOR DE EMPILHADEIRA"/>
      <enumeration value="OPERADOR DE FORNO"/>
      <enumeration value="OPERADOR DE GÁS"/>
      <enumeration value="OPERADOR DE MAQUINA"/>
      <enumeration value="OPERADOR DE MAQUINAS AGRÍCOLAS"/>
      <enumeration value="OPERADOR DE MAQUINAS PESADAS"/>
      <enumeration value="OPERADOR DE MOTO SERRA"/>
      <enumeration value="OPERADOR DE RADIO"/>
      <enumeration value="OPERADOR DE REATORES NUCLEARES"/>
      <enumeration value="OPERADOR DE SUBESTAÇÃO"/>
      <enumeration value="OPERADOR DE TELEFONE"/>
      <enumeration value="OPERADOR DE TRANSMISSÃO"/>
      <enumeration value="OPERADOR DE TV"/>
      <enumeration value="OPERADOR DE XEROX"/>
      <enumeration value="OPERÁRIO"/>
      <enumeration value="ORIENTADOR EDUCACIONAL"/>
      <enumeration value="OURIVES"/>
      <enumeration value="OUTROS PROFISSIONAIS DO ESPETÁCULO E DAS ARTES"/>
      <enumeration value="PADEIRO"/>
      <enumeration value="PADRE"/>
      <enumeration value="PAISAGISTA"/>
      <enumeration value="PAPILOSCOPISTA"/>
      <enumeration value="PARASITOLOGISTA"/>
      <enumeration value="PARTEIRA"/>
      <enumeration value="PASSADOR"/>
      <enumeration value="PASTELEIRO"/>
      <enumeration value="PASTOR"/>
      <enumeration value="PATINADOR"/>
      <enumeration value="PATOLOGISTA"/>
      <enumeration value="PATOLOGISTA (VETERINÁRIO)"/>
      <enumeration value="PEÃO"/>
      <enumeration value="PEÃO DE CHÁCARA"/>
      <enumeration value="PEÃO DE RODEIO"/>
      <enumeration value="PECUARISTA"/>
      <enumeration value="PEDAGOGO"/>
      <enumeration value="PEDREIRO"/>
      <enumeration value="PEIXEIRO"/>
      <enumeration value="PELETEIRO"/>
      <enumeration value="PENSIONISTA"/>
      <enumeration value="PERFURADOR"/>
      <enumeration value="PERFURADOR DE POÇOS PETRÓLEO"/>
      <enumeration value="PERITO CRIMINAL"/>
      <enumeration value="PERITO POLICIAL"/>
      <enumeration value="PESCADOR"/>
      <enumeration value="PILOTO"/>
      <enumeration value="PILOTO DE AERONAVES"/>
      <enumeration value="PILOTO DE NAVIO"/>
      <enumeration value="PINTOR"/>
      <enumeration value="PINTOR ARTÍSTICO E AFINS"/>
      <enumeration value="PINTOR DE AUTO"/>
      <enumeration value="PINTOR DE CONSTRUÇÃO CIVIL"/>
      <enumeration value="PINTOR DE QUADROS"/>
      <enumeration value="PIZZAIOLLO"/>
      <enumeration value="PLAINADOR"/>
      <enumeration value="POLICIAL"/>
      <enumeration value="POLICIAL INATIVO"/>
      <enumeration value="POLICIAL MILITAR"/>
      <enumeration value="POLIDOR"/>
      <enumeration value="POLÍTICO"/>
      <enumeration value="PORTEIRO"/>
      <enumeration value="PRACISTA"/>
      <enumeration value="PRATICO DE FARMÁCIA"/>
      <enumeration value="PREFEITO"/>
      <enumeration value="PRENSADOR"/>
      <enumeration value="PRESIDENTE DA REPÚBLICA"/>
      <enumeration value="PRESTADOR DE SERVIÇOS DO COMÉRCIO"/>
      <enumeration value="PROCURADOR"/>
      <enumeration value="PROCURADOR DA REPUBLICA"/>
      <enumeration value="PROCURADOR DE ESTADO"/>
      <enumeration value="PROCURADOR DO INSS"/>
      <enumeration value="PROCURADORA DA REPUBLICA"/>
      <enumeration value="PROCURADORA DE ESTADO"/>
      <enumeration value="PRODUTOR DE CINEMA"/>
      <enumeration value="PRODUTOR DE TV"/>
      <enumeration value="PRODUTOR NA EXPLORAÇÃO AGROPECUÁRIA"/>
      <enumeration value="PRODUTOR RURAL"/>
      <enumeration value="PROFESSOR"/>
      <enumeration value="PROFESSOR DO ENSINO FUNDAMENTAL"/>
      <enumeration value="PROFESSOR DO ENSINO MÉDIO"/>
      <enumeration value="PROFESSOR DO ENSINO SUPERIOR"/>
      <enumeration value="PROFISSIONAL DA COMERCIALIZAÇÃO"/>
      <enumeration value="PROFISSIONAL DA EDUCAÇÃO FÍSICA (EXCETO PROFESSOR)"/>
      <enumeration value="PROFISSIONAL DE MARKETING"/>
      <enumeration value="PROFISSIONAL DE PUBLICIDADE"/>
      <enumeration value="PROGRAMADOR"/>
      <enumeration value="PROJETISTA"/>
      <enumeration value="PROMOTOR"/>
      <enumeration value="PROMOTOR DE EVENTOS"/>
      <enumeration value="PROMOTOR DE JUSTIÇA"/>
      <enumeration value="PROMOTOR DE VENDAS"/>
      <enumeration value="PROMOTOR JURÍDICO"/>
      <enumeration value="PROMOTOR PÚBLICO"/>
      <enumeration value="PROPAGANDISTA"/>
      <enumeration value="PROPRIETÁRIO DE IMÓVEL, RECEBENDO RENDIMENTO DE ALUGUEL"/>
      <enumeration value="PROSTITUTA"/>
      <enumeration value="PSICANALISTA"/>
      <enumeration value="PSICÓLOGO"/>
      <enumeration value="PSIQUIATRA"/>
      <enumeration value="PUBLICITÁRIO"/>
      <enumeration value="PUGILISTA"/>
      <enumeration value="QUÍMICO"/>
      <enumeration value="QUITANDEIRO"/>
      <enumeration value="RADIALISTA"/>
      <enumeration value="RADIOTECNICO"/>
      <enumeration value="RADIOTELEGRAFISTA"/>
      <enumeration value="RECENSEADOR"/>
      <enumeration value="RECEPCIONISTA"/>
      <enumeration value="REDATOR"/>
      <enumeration value="REGENTE DE ORQUESTRA OU CORAL"/>
      <enumeration value="RELAÇÕES PÚBLICAS"/>
      <enumeration value="RELIGIOSO"/>
      <enumeration value="RELOJOEIRO"/>
      <enumeration value="REMADOR"/>
      <enumeration value="RENDEIRO"/>
      <enumeration value="REPARADOR"/>
      <enumeration value="REPÓRTER"/>
      <enumeration value="REPOSITOR"/>
      <enumeration value="REPRESENTANTE COMERCIAL"/>
      <enumeration value="REPRESENTANTE DE VENDAS"/>
      <enumeration value="RETIFICADOR DE MOTOR"/>
      <enumeration value="REVISOR GRÁFICO"/>
      <enumeration value="SACERDOTE"/>
      <enumeration value="SALGADEIRO"/>
      <enumeration value="SALVA VIDAS"/>
      <enumeration value="SAPATEIRO"/>
      <enumeration value="SECRETARIO"/>
      <enumeration value="SEGURADOR"/>
      <enumeration value="SEGURANÇA"/>
      <enumeration value="SEM OCUPAÇÃO"/>
      <enumeration value="SENADOR"/>
      <enumeration value="SERICULTOR"/>
      <enumeration value="SERIGRAFISTA"/>
      <enumeration value="SERINGUEIRO"/>
      <enumeration value="SERRADOR"/>
      <enumeration value="SERRALHEIRO"/>
      <enumeration value="SERVENTE"/>
      <enumeration value="SERVENTE DE PEDREIRO"/>
      <enumeration value="SERVENTUÁRIO DA JUSTIÇA"/>
      <enumeration value="SERVIÇOS GERAIS"/>
      <enumeration value="SERVIDOR DE NÍVEL SUPERIOR NAS ATIVIDADES DE CONTROLE"/>
      <enumeration value="SERVIDOR DE NÍVEL SUPERIOR NAS ATIVIDADES DE FINANÇAS"/>
      <enumeration value="SERVIDOR DE NÍVEL SUPERIOR NAS ATIVIDADES DE FISCALIZAÇÃO"/>
      <enumeration value="SERVIDOR DE NÍVEL SUPERIOR NAS ATIVIDADES DE GESTÃO GOVERNAMENTAL"/>
      <enumeration value="SERVIDOR DE NÍVEL SUPERIOR NAS ATIVIDADES DE PESQUISA ECONÔMICA"/>
      <enumeration value="SERVIDOR DE NÍVEL SUPERIOR NAS ATIVIDADES DE PLANEJAMENTO"/>
      <enumeration value="SERVIDOR PÚBLICO"/>
      <enumeration value="SERVIDOR PÚBLICO ESTADUAL"/>
      <enumeration value="SERVIDOR PÚBLICO FEDERAL"/>
      <enumeration value="SERVIDOR PÚBLICO MUNICIPAL"/>
      <enumeration value="SERVIDOR PÚBLICO MUNICIPAL"/>
      <enumeration value="SOCIÓLOGO"/>
      <enumeration value="SOLDADOR"/>
      <enumeration value="SONOPLASTA"/>
      <enumeration value="SORVETEIRO"/>
      <enumeration value="SUB-GERENTE"/>
      <enumeration value="SUPERINTENDENTE DE AEROPORTO"/>
      <enumeration value="SUPERVISOR DE OFICINA"/>
      <enumeration value="SUPERVISOR DE VENDAS"/>
      <enumeration value="SUPERVISOR DE VENDAS E PRESTAÇÃO DE SERVIÇOS DO COMÉRCIO"/>
      <enumeration value="TABELIÃO"/>
      <enumeration value="TABELIÃO E DEMAIS SERVENTUÁRIOS DE JUSTIÇA"/>
      <enumeration value="TANOEIRO"/>
      <enumeration value="TAPECEIRO"/>
      <enumeration value="TAQUIGRAFO"/>
      <enumeration value="TAXISTA"/>
      <enumeration value="TECELÃO"/>
      <enumeration value="TÉCNICO"/>
      <enumeration value="TÉCNICO AGRÁRIO"/>
      <enumeration value="TÉCNICO AGROPECUÁRIO"/>
      <enumeration value="TÉCNICO ARQUIVISTA"/>
      <enumeration value="TÉCNICO COMPUTADOR"/>
      <enumeration value="TÉCNICO DA PRODUÇÃO AGROPECUÁRIA"/>
      <enumeration value="TÉCNICO DAS CIÊNCIAS ADMINISTRATIVAS"/>
      <enumeration value="TÉCNICO DAS CIÊNCIAS CONTÁBEIS"/>
      <enumeration value="TÉCNICO DE ARTES GRÁFICAS"/>
      <enumeration value="TÉCNICO DE CONTABILIDADE"/>
      <enumeration value="TÉCNICO DE FROTA"/>
      <enumeration value="TÉCNICO DE FUTEBOL"/>
      <enumeration value="TÉCNICO DE IMPERMEABILIZAÇÃO"/>
      <enumeration value="TÉCNICO DE laboratório"/>
      <enumeration value="TÉCNICO DE LABORATÓRIO E RAIOS X E OUTROS EQUIPAMENTOS"/>
      <enumeration value="TÉCNICO DE laticínios"/>
      <enumeration value="TÉCNICO DE MINERAÇÃO"/>
      <enumeration value="TÉCNICO DE NUTRIÇÃO"/>
      <enumeration value="TÉCNICO DE OBRAS"/>
      <enumeration value="TÉCNICO DE PRODUÇÃO alimentícios"/>
      <enumeration value="TÉCNICO DE RAIOS-X"/>
      <enumeration value="TÉCNICO DE SERVIÇOS ADMINISTRATIVO"/>
      <enumeration value="TÉCNICO DE TV"/>
      <enumeration value="TÉCNICO EM ADMINISTRAÇÃO"/>
      <enumeration value="TÉCNICO EM AGRONOMIA"/>
      <enumeration value="TÉCNICO EM BIOLOGIA"/>
      <enumeration value="TÉCNICO EM CIÊNCIAS FÍSICAS"/>
      <enumeration value="TÉCNICO EM CIÊNCIAS QUÍMICAS"/>
      <enumeration value="TÉCNICO EM CONSTRUÇÃO CIVIL, DE EDIFICAÇÕES E OBRAS DE INFRA-ESTRUTURA"/>
      <enumeration value="TÉCNICO EM CONTABILIDADE"/>
      <enumeration value="TÉCNICO EM ELETRO-ELETRÔNICA E FOTÔNICA"/>
      <enumeration value="TÉCNICO EM ELETRÔNICA"/>
      <enumeration value="TÉCNICO EM ENFERMAGEM"/>
      <enumeration value="TÉCNICO EM INFORMÁTICA"/>
      <enumeration value="TÉCNICO EM METALMECÂNICA"/>
      <enumeration value="TÉCNICO EM NAVEGAÇÃO AÉREA"/>
      <enumeration value="TÉCNICO EM NAVEGAÇÃO FLUVIAL"/>
      <enumeration value="TÉCNICO EM NAVEGAÇÃO MARÍTIMA"/>
      <enumeration value="TÉCNICO EM NAVEGAÇÃO METROFERROVIÁRIA"/>
      <enumeration value="TÉCNICO EM PAPILOSCOPIA"/>
      <enumeration value="TÉCNICO EM PARAMEDICO"/>
      <enumeration value="TÉCNICO EM PATOLOGIA"/>
      <enumeration value="TÉCNICO EM PERFURAÇÃO"/>
      <enumeration value="TÉCNICO EM PESCA"/>
      <enumeration value="TÉCNICO EM PETRÓLEO"/>
      <enumeration value="TÉCNICO EM PROJETISTA"/>
      <enumeration value="TÉCNICO EM PUBLICIDADE"/>
      <enumeration value="TÉCNICO EM REFRIGERAÇÃO"/>
      <enumeration value="TÉCNICO EM SEG DO TRABALHO"/>
      <enumeration value="TÉCNICO EM TELECOMUNICAÇÃO"/>
      <enumeration value="TÉCNICO EM TELEFONIA"/>
      <enumeration value="TÉCNICO EM TRANSPORTE"/>
      <enumeration value="TÉCNICO EM VULCANIZAÇÕES"/>
      <enumeration value="TÉCNICO HIDRÁULICO"/>
      <enumeration value="TÉCNICO INSTRUMENTISTA"/>
      <enumeration value="TÉCNICO LEGISLATIVO"/>
      <enumeration value="TÉCNICO QUÍMICO"/>
      <enumeration value="TÉCNICO TRIBUTÁRIO"/>
      <enumeration value="TÉCNICOS EM ESTATÍSTICA"/>
      <enumeration value="TÉCNICOS EM OPERAÇÃO DE MÁQUINAS DE TRATAMENTO DE DADOS"/>
      <enumeration value="TECNÓLOGO EM SANEAMENTO BÁSICO E OBRAS HIDRÁULICAS"/>
      <enumeration value="TELEFONISTA"/>
      <enumeration value="TELEGRAFISTA"/>
      <enumeration value="TERAPEUTA OCUPACIONAL"/>
      <enumeration value="TESOUREIRO"/>
      <enumeration value="TINTUREIRO"/>
      <enumeration value="TIPÓGRAFO"/>
      <enumeration value="TOPÓGRAFO"/>
      <enumeration value="TORNEIRO"/>
      <enumeration value="TORNEIRO MECÂNICO"/>
      <enumeration value="TRABALHADOR AGRÍCOLA"/>
      <enumeration value="TRABALHADOR DA CONSTRUÇÃO CIVIL"/>
      <enumeration value="TRABALHADOR DA FABRICAÇÃO DE  FUMO"/>
      <enumeration value="TRABALHADOR DA FABRICAÇÃO DE AGROINDÚSTRIAS"/>
      <enumeration value="TRABALHADOR DA FABRICAÇÃO DE ALIMENTOS"/>
      <enumeration value="TRABALHADOR DA FABRICAÇÃO DE BEBIDAS"/>
      <enumeration value="TRABALHADOR DA FABRICAÇÃO E INSTALAÇÃO ELETRO-ELETRÔNICA"/>
      <enumeration value="TRABALHADOR DA INDÚSTRIA DA BORRACHA E PLÁSTICO E AFINS"/>
      <enumeration value="TRABALHADOR DA INDÚSTRIA EXTRATIVA"/>
      <enumeration value="TRABALHADOR DA INDÚSTRIA PETROQUÍMICA"/>
      <enumeration value="TRABALHADOR DA INDÚSTRIA QUÍMICA"/>
      <enumeration value="TRABALHADOR DA TRANSFORMAÇÃO DE METAIS E COMPÓSITOS"/>
      <enumeration value="TRABALHADOR DAS INDÚSTRIAS DAS ARTES GRÁFICAS"/>
      <enumeration value="TRABALHADOR DAS INDÚSTRIAS DE MADEIRA E DO MOBILIÁRIO"/>
      <enumeration value="TRABALHADOR DAS INDÚSTRIAS TÊXTEIS, DO CURTIMENTO, DO VESTUÁRIO"/>
      <enumeration value="TRABALHADOR DE ATENDIMENTO AO PÚBLICO"/>
      <enumeration value="TRABALHADOR DE INSTALAÇÕES E MÁQUINAS DE FABRICAÇÃO DE CELULOSE E PAPEL"/>
      <enumeration value="TRABALHADOR DE INSTALAÇÕES SIDERÚRGICAS E DE MATERIAIS DE CONSTRUÇÃO"/>
      <enumeration value="TRABALHADOR DE REPARAÇÃO E MANUTENÇÃO"/>
      <enumeration value="TRABALHADOR DOS SERVIÇOS DE ADMINISTRAÇÃO DE EDIFÍCIOS"/>
      <enumeration value="TRABALHADOR DOS SERVIÇOS DE ALIMENTAÇÃO"/>
      <enumeration value="TRABALHADOR DOS SERVIÇOS DE CONSERVAÇÃO DE EDIFÍCIOS"/>
      <enumeration value="TRABALHADOR DOS SERVIÇOS DE HOTELARIA"/>
      <enumeration value="TRABALHADOR DOS SERVIÇOS DE MANUTENÇÃO DE EDIFÍCIOS"/>
      <enumeration value="TRABALHADOR DOS SERVIÇOS DE SAÚDE"/>
      <enumeration value="TRABALHADOR DOS SERVIÇOS DOMÉSTICOS EM GERAL"/>
      <enumeration value="TRABALHADOR NA EXPLORAÇÃO AGROPECUÁRIA"/>
      <enumeration value="TRABALHADOR RURAL"/>
      <enumeration value="TRABALHADORES DA INDÚSTRIA DE CALÇADOS"/>
      <enumeration value="TRABALHADORES DOS SERVIÇOS FUNERÁRIOS"/>
      <enumeration value="TRADUTOR"/>
      <enumeration value="TRATORISTA"/>
      <enumeration value="TURISMO"/>
      <enumeration value="VAQUEIRO"/>
      <enumeration value="VAREJISTA"/>
      <enumeration value="VENDEDOR"/>
      <enumeration value="VENDEDOR AMBULANTE"/>
      <enumeration value="VEREADOR"/>
      <enumeration value="VETERINÁRIO"/>
      <enumeration value="VIDRACEIRO"/>
      <enumeration value="VIDREIRO"/>
      <enumeration value="VIGIA"/>
      <enumeration value="VIGILANTE"/>
      <enumeration value="VITRINISTA"/>
      <enumeration value="VULCANIZADO"/>
      <enumeration value="ZELADOR"/>
      <enumeration value="ZOOTECNISTA"/>
    </restriction>
  </simpleType>
</schema>]]></con:content><con:type>http://www.w3.org/2001/XMLSchema</con:type></con:part><con:part><con:url>http://localhost:7001/V1/SenhaAtendimento?SCHEMA%2FModeloCanonico%2Fseplag%2FEBO%2Fv1%2FTelefone</con:url><con:content><![CDATA[<xsd:schema targetNamespace="http://www.seplag.se.gov.br/EBO/v1" elementFormDefault="qualified" xmlns:xsd="http://www.w3.org/2001/XMLSchema" xmlns:seplag="http://www.seplag.se.gov.br/EBO/v1">
  <xsd:element name="listaTelefone" nillable="true" type="seplag:ListaTelefone"/>
  <xsd:complexType name="ListaTelefone">
    <xsd:sequence>
      <xsd:element name="telefone" type="seplag:Telefone" minOccurs="0" maxOccurs="unbounded"/>
    </xsd:sequence>
  </xsd:complexType>
  <xsd:complexType name="Telefone">
    <xsd:sequence>
      <xsd:element name="numeroTelefone" nillable="true" minOccurs="0" maxOccurs="1">
        <xsd:simpleType>
          <xsd:restriction base="xsd:string">
            <xsd:maxLength value="60"/>
          </xsd:restriction>
        </xsd:simpleType>
      </xsd:element>
      <xsd:element name="tipoTelefone" type="seplag:TipoTelefone" nillable="true" minOccurs="0"/>
    </xsd:sequence>
  </xsd:complexType>
  <xsd:simpleType name="TipoTelefone">
    <xsd:restriction base="xsd:string">
      <xsd:enumeration value="RESIDENCIAL"/>
      <xsd:enumeration value="COMERCIAL"/>
      <xsd:enumeration value="CELULAR"/>
      <xsd:enumeration value="FIXO"/>
      <xsd:enumeration value="FAX"/>
    </xsd:restriction>
  </xsd:simpleType>
</xsd:schema>]]></con:content><con:type>http://www.w3.org/2001/XMLSchema</con:type></con:part><con:part><con:url>http://localhost:7001/V1/SenhaAtendimento?SCHEMA%2FModeloCanonico%2Fseplag%2FEBO%2Fv1%2FEscolaridade</con:url><con:content><![CDATA[<schema targetNamespace="http://www.seplag.se.gov.br/EBO/v1" elementFormDefault="qualified" xmlns="http://www.w3.org/2001/XMLSchema" xmlns:seplag="http://www.seplag.se.gov.br/EBO/v1">
  <simpleType name="Escolaridade">
    <restriction base="string">
      <enumeration value="ANALFABETO"/>
      <enumeration value="BASICA"/>
      <enumeration value="FUNDAMENTAL"/>
      <enumeration value="MEDIA"/>
      <enumeration value="SUPERIOR"/>
    </restriction>
  </simpleType>
</schema>]]></con:content><con:type>http://www.w3.org/2001/XMLSchema</con:type></con:part><con:part><con:url>http://localhost:7001/V1/SenhaAtendimento?SCHEMA%2FModeloCanonico%2Fseplag%2FEBO%2Fv1%2FSexo</con:url><con:content><![CDATA[<xsd:schema targetNamespace="http://www.seplag.se.gov.br/EBO/v1" elementFormDefault="qualified" xmlns:xsd="http://www.w3.org/2001/XMLSchema" xmlns:seplag="http://www.seplag.se.gov.br/EBO/v1">
  <xsd:simpleType name="Sexo">
    <xsd:restriction base="xsd:string">
      <xsd:enumeration value="MASCULINO"/>
      <xsd:enumeration value="FEMININO"/>
    </xsd:restriction>
  </xsd:simpleType>
</xsd:schema>]]></con:content><con:type>http://www.w3.org/2001/XMLSchema</con:type></con:part><con:part><con:url>http://localhost:7001/V1/SenhaAtendimento?SCHEMA%2FModeloCanonico%2Fseplag%2FEBO%2Fv1%2FServicoAtendimento</con:url><con:content><![CDATA[<xsd:schema targetNamespace="http://www.seplag.se.gov.br/EBO/v1" elementFormDefault="qualified" xmlns:xsd="http://www.w3.org/2001/XMLSchema" xmlns:seplag="http://www.seplag.se.gov.br/EBO/v1">
  <xsd:include schemaLocation="http://localhost:7001/V1/SenhaAtendimento?SCHEMA%2FModeloCanonico%2Fseplag%2FEBO%2Fv1%2FOrgao"/>
  <xsd:complexType name="Servico">
    <xsd:sequence>
      <xsd:element minOccurs="0" maxOccurs="1" name="nome">
        <xsd:simpleType>
          <xsd:restriction base="xsd:string">
            <xsd:maxLength value="100"/>
          </xsd:restriction>
        </xsd:simpleType>
      </xsd:element>
      <xsd:element minOccurs="0" maxOccurs="1" name="orgao" type="seplag:Orgao"/>
      <xsd:element minOccurs="0" maxOccurs="1" name="processoAtendimento" type="xsd:boolean"/>
    </xsd:sequence>
  </xsd:complexType>
  <xsd:complexType name="ListaServico">
    <xsd:sequence>
      <xsd:element name="Servico" type="seplag:Servico" minOccurs="0" maxOccurs="unbounded"/>
    </xsd:sequence>
  </xsd:complexType>
  <xsd:element name="listaServico" nillable="true" type="seplag:ListaServico"/>
</xsd:schema>]]></con:content><con:type>http://www.w3.org/2001/XMLSchema</con:type></con:part><con:part><con:url>http://localhost:7001/V1/SenhaAtendimento?SCHEMA%2FModeloCanonico%2Fseplag%2FEBO%2Fv1%2FOrgao</con:url><con:content><![CDATA[<xsd:schema targetNamespace="http://www.seplag.se.gov.br/EBO/v1" elementFormDefault="qualified" xmlns:xsd="http://www.w3.org/2001/XMLSchema" xmlns:seplag="http://www.seplag.se.gov.br/EBO/v1">
  <xsd:complexType name="Orgao">
    <xsd:sequence>
      <xsd:element minOccurs="0" maxOccurs="1" name="sigla">
        <xsd:simpleType>
          <xsd:restriction base="xsd:string">
            <xsd:maxLength value="100"/>
          </xsd:restriction>
        </xsd:simpleType>
      </xsd:element>
      <xsd:element minOccurs="0" maxOccurs="1" name="nome">
        <xsd:simpleType>
          <xsd:restriction base="xsd:string">
            <xsd:maxLength value="100"/>
          </xsd:restriction>
        </xsd:simpleType>
      </xsd:element>
      <xsd:element minOccurs="0" maxOccurs="1" name="codigoGoverno">
        <xsd:simpleType>
          <xsd:restriction base="xsd:string">
            <xsd:maxLength value="7"/>
            <xsd:minLength value="7"/>
          </xsd:restriction>
        </xsd:simpleType>
      </xsd:element>
    </xsd:sequence>
  </xsd:complexType>
  <xsd:complexType name="ListaOrgao">
    <xsd:sequence>
      <xsd:element name="Orgao" type="seplag:Orgao" minOccurs="0" maxOccurs="unbounded"/>
    </xsd:sequence>
  </xsd:complexType>
  <xsd:element name="listaOrgao" nillable="true" type="seplag:ListaOrgao"/>
</xsd:schema>]]></con:content><con:type>http://www.w3.org/2001/XMLSchema</con:type></con:part></con:definitionCache><con:endpoints><con:endpoint>http://POSEIDON.local:8088/mockSenhaAtendimentoSOAP</con:endpoint><con:endpoint>http://localhost:7001/V1/SenhaAtendimento</con:endpoint><con:endpoint>http://osb.itconsulting.com.br:8011/V1/SenhaAtendimento</con:endpoint></con:endpoints><con:operation isOneWay="false" action="http://www.seplag.se.gov.br/SenhaAtendimento/EmitirSenhaAtendimento" name="EmitirSenhaAtendimento" bindingOperationName="EmitirSenhaAtendimento" type="Request-Response" inputName="" receivesAttachments="false" sendsAttachments="false" anonymous="optional"><con:settings/><con:call name="Request 1" timeout="0"><con:settings><con:setting id="com.eviware.soapui.impl.wsdl.WsdlRequest@request-headers">&lt;xml-fragment/></con:setting><con:setting id="com.eviware.soapui.impl.wsdl.WsdlRequest@bind_address"/></con:settings><con:encoding>UTF-8</con:encoding><con:endpoint>http://osb.itconsulting.com.br:8011/V1/SenhaAtendimento</con:endpoint><con:request><![CDATA[<soap:Envelope xmlns:soap="http://www.w3.org/2003/05/soap-envelope" xmlns:v1="http://www.seplag.se.gov.br/commons/v1" xmlns:sen="http://www.seplag.se.gov.br/SenhaAtendimento">
   <soap:Header>
      <v1:cabecalhoSeplag>
         <v1:loginUsuario>marcio.dantas</v1:loginUsuario>
         <v1:canalAtendimento>Ceac</v1:canalAtendimento>
         <v1:nomeAplicacao>Ceac</v1:nomeAplicacao>
         <v1:enderecoIP>192.168.0.153</v1:enderecoIP>
      </v1:cabecalhoSeplag>
   </soap:Header>
   <soap:Body>
      <sen:ParametroEmitirSenhaAtendimento>
         <!--anonymous type-->
         <sen:cdProtocoloServico>0220000020000004120140</sen:cdProtocoloServico>
         <!--type: boolean-->
         <sen:atendimentoPreferencial>false</sen:atendimentoPreferencial>
         <!--Optional:-->
         <!--type: string-->
         <sen:mensagemObservacao>OBS EMITIR SENHA</sen:mensagemObservacao>
      </sen:ParametroEmitirSenhaAtendimento>
   </soap:Body>
</soap:Envelope>]]></con:request><con:credentials><con:authType>No Authorization</con:authType></con:credentials><con:jmsConfig JMSDeliveryMode="PERSISTENT"/><con:jmsPropertyConfig/><con:wsaConfig mustUnderstand="NONE" version="200508" action="http://www.seplag.se.gov.br/SenhaAtendimento/SenhaAtendimento/EmitirSenhaAtendimentoRequest"/><con:wsrmConfig version="1.2"/></con:call><con:call name="Request 2"><con:settings><con:setting id="com.eviware.soapui.impl.wsdl.WsdlRequest@request-headers">&lt;xml-fragment/></con:setting></con:settings><con:encoding>UTF-8</con:encoding><con:endpoint>http://POSEIDON.local:8088/mockSenhaAtendimentoSOAP</con:endpoint><con:request>&lt;con:consultarDadosProtocoloPostoECidadaoPorProtocoloInput xmlns:con="http://xmlns.oracle.com/pcbpel/adapter/db/consultarDadosProtocoloPostoECidadaoPorProtocolo">
   &lt;con:codigoProtocolo>0220000020000004120140&lt;/con:codigoProtocolo>
&lt;/con:consultarDadosProtocoloPostoECidadaoPorProtocoloInput></con:request><con:credentials><con:authType>No Authorization</con:authType></con:credentials><con:jmsConfig JMSDeliveryMode="PERSISTENT"/><con:jmsPropertyConfig/><con:wsaConfig mustUnderstand="NONE" version="200508" action="http://www.seplag.se.gov.br/SenhaAtendimento/SenhaAtendimento/EmitirSenhaAtendimentoRequest"/><con:wsrmConfig version="1.2"/></con:call><con:call name="Request 3"><con:settings><con:setting id="com.eviware.soapui.impl.wsdl.WsdlRequest@request-headers">&lt;xml-fragment/></con:setting></con:settings><con:encoding>UTF-8</con:encoding><con:endpoint>http://POSEIDON.local:8088/mockSenhaAtendimentoSOAP</con:endpoint><con:request><![CDATA[<con:consultarDadosProtocoloPostoECidadaoPorProtocoloOutputCollection xmlns:xsi="http://www.w3.org/2001/XMLSchema-instance" xmlns:soap-env="http://schemas.xmlsoap.org/soap/envelope/" xmlns:con="http://xmlns.oracle.com/pcbpel/adapter/db/consultarDadosProtocoloPostoECidadaoPorProtocolo">
   <con:consultarDadosProtocoloPostoECidadaoPorProtocoloOutput>
      <con:PRT_CD_PROTOCOLO>0220000020000004120140</con:PRT_CD_PROTOCOLO>
      <con:id_agendamento_af>100</con:id_agendamento_af>
      <con:PRT_CD_PROTOCOLO_PAI>0000030060000004120148</con:PRT_CD_PROTOCOLO_PAI>
      <con:senha_af_pai>32</con:senha_af_pai>
      <con:seq_af_pai>32</con:seq_af_pai>
      <con:PRT_NR_CPF>11122244432</con:PRT_NR_CPF>
      <con:SRVAF_CD_SERVICO_AG_FACIL>1</con:SRVAF_CD_SERVICO_AG_FACIL>
      <con:PST_CD_POSTO>2</con:PST_CD_POSTO>
      <con:PST_NM_POSTO>SEFAZ</con:PST_NM_POSTO>
      <con:PST_DESCRICAO xsi:nil="true"/>
      <con:PST_SIGLA_POSTO xsi:nil="true"/>
      <con:PST_NOME_SALA xsi:nil="true"/>
      <con:PST_DIAS_LIMITE_AGENDAMENTO xsi:nil="true"/>
      <con:PST_FG_AGENDAMENTO>1</con:PST_FG_AGENDAMENTO>
      <con:UND_NM_UNIDADE>CEAC - Shopping Riomar</con:UND_NM_UNIDADE>
      <con:PES_NM_COMPLETO xsi:nil="true"/>
   </con:consultarDadosProtocoloPostoECidadaoPorProtocoloOutput>
   <con:consultarDadosProtocoloPostoECidadaoPorProtocoloOutput>
      <con:PRT_CD_PROTOCOLO>0220000020000004120140</con:PRT_CD_PROTOCOLO>
      <con:id_agendamento_af>100</con:id_agendamento_af>
      <con:PRT_CD_PROTOCOLO_PAI>0000030060000004120148</con:PRT_CD_PROTOCOLO_PAI>
      <con:senha_af_pai>32</con:senha_af_pai>
      <con:seq_af_pai>32</con:seq_af_pai>
      <con:PRT_NR_CPF>11122244432</con:PRT_NR_CPF>
      <con:SRVAF_CD_SERVICO_AG_FACIL>200</con:SRVAF_CD_SERVICO_AG_FACIL>
      <con:PST_CD_POSTO>2</con:PST_CD_POSTO>
      <con:PST_NM_POSTO>SEFAZ</con:PST_NM_POSTO>
      <con:PST_DESCRICAO xsi:nil="true"/>
      <con:PST_SIGLA_POSTO xsi:nil="true"/>
      <con:PST_NOME_SALA xsi:nil="true"/>
      <con:PST_DIAS_LIMITE_AGENDAMENTO xsi:nil="true"/>
      <con:PST_FG_AGENDAMENTO>1</con:PST_FG_AGENDAMENTO>
      <con:UND_NM_UNIDADE>CEAC - Shopping Riomar</con:UND_NM_UNIDADE>
      <con:PES_NM_COMPLETO xsi:nil="true"/>
   </con:consultarDadosProtocoloPostoECidadaoPorProtocoloOutput>
</con:consultarDadosProtocoloPostoECidadaoPorProtocoloOutputCollection>]]></con:request><con:credentials><con:authType>No Authorization</con:authType></con:credentials><con:jmsConfig JMSDeliveryMode="PERSISTENT"/><con:jmsPropertyConfig/><con:wsaConfig mustUnderstand="NONE" version="200508" action="http://www.seplag.se.gov.br/SenhaAtendimento/SenhaAtendimento/EmitirSenhaAtendimentoRequest"/><con:wsrmConfig version="1.2"/></con:call></con:operation></con:interface><con:mockService port="8088" path="/mockSenhaAtendimentoSOAP" host="POSEIDON.local" name="SenhaAtendimentoSOAP MockService"><con:settings><con:setting id="com.eviware.soapui.impl.wsdl.mock.WsdlMockService@require-soap-action">false</con:setting></con:settings><con:properties/><con:mockOperation name="EmitirSenhaAtendimento" interface="SenhaAtendimentoSOAP" operation="EmitirSenhaAtendimento"><con:settings/><con:defaultResponse>Response 1</con:defaultResponse><con:dispatchStyle>SEQUENCE</con:dispatchStyle><con:response name="Response 1" httpResponseStatus="200" encoding="UTF-8"><con:settings/><con:responseContent><![CDATA[<soap:Envelope xmlns:soap="http://www.w3.org/2003/05/soap-envelope" xmlns:sen="http://www.seplag.se.gov.br/SenhaAtendimento" xmlns:v1="http://www.seplag.se.gov.br/EBO/v1">
   <soap:Header/>
   <soap:Body>
      <sen:ResultadoEmitirSenhaAtendimento>
         <sen:senha>
            <!--Optional:-->
            <!--type: integer-->
            <v1:numeroSequencial>?</v1:numeroSequencial>
            <!--Optional:-->
            <!--type: string-->
            <v1:senha>?</v1:senha>
            <!--Optional:-->
            <!--type: string-->
            <v1:letras>?</v1:letras>
            <!--Optional:-->
            <!--type: integer-->
            <v1:faixa>?</v1:faixa>
            <!--Optional:-->
            <v1:posto>
               <!--Optional:-->
               <!--anonymous type-->
               <v1:nome>?</v1:nome>
               <!--Optional:-->
               <v1:unidade>
                  <!--Optional:-->
                  <!--anonymous type-->
                  <v1:nome>?</v1:nome>
               </v1:unidade>
               <!--Optional:-->
               <!--anonymous type-->
               <v1:sigla>?</v1:sigla>
               <!--Optional:-->
               <!--anonymous type-->
               <v1:descricao>?</v1:descricao>
               <!--Optional:-->
               <!--anonymous type-->
               <v1:nomeSala>?</v1:nomeSala>
               <!--Optional:-->
               <!--type: integer-->
               <v1:flagAgendamento>?</v1:flagAgendamento>
               <!--Optional:-->
               <!--type: integer-->
               <v1:diasLimiteAgendamento>?</v1:diasLimiteAgendamento>
            </v1:posto>
            <!--Optional:-->
            <!--type: dateTime-->
            <v1:dataHoraEmissao>?</v1:dataHoraEmissao>
         </sen:senha>
      </sen:ResultadoEmitirSenhaAtendimento>
   </soap:Body>
</soap:Envelope>]]></con:responseContent><con:wsaConfig mustUnderstand="NONE" version="200508" action="http://www.seplag.se.gov.br/SenhaAtendimento/SenhaAtendimento/EmitirSenhaAtendimentoResponse"/></con:response><con:dispatchConfig/></con:mockOperation></con:mockService><con:properties/><con:wssContainer/><con:oAuth2ProfileContainer/></con:soapui-project>